authors,count
James Patterson,96
Stephen King,80
Nora Roberts,63
Dean Koontz,51
Terry Pratchett,48
Agatha Christie,42
J.D. Robb,41
Meg Cabot,37
John Grisham,36
Janet Evanovich,36
Neil Gaiman,34
David Baldacci,33
Laurell K. Hamilton,32
Michael Connelly,29
Kristen Ashley,27
John Sandford,27
Rick Riordan,27
Harlan Coben,26
Patricia Cornwell,26
Tamora Pierce,26
Jim Butcher,25
William Shakespeare,25
Sherrilyn Kenyon,25
Lee Child,24
Jodi Picoult,24
Orson Scott Card,23
Anne Rice,23
Douglas Preston,23
R.A. Salvatore,23
Sue Grafton,23
Brandon Sanderson,22
Abbi Glines,22
Richelle Mead,22
C.S. Lewis,22
Dr. Seuss,22
Charlaine Harris,22
Mary Higgins Clark,21
Isaac Asimov,21
J.R. Ward,21
Haruki Murakami,21
Terry Brooks,21
Robert Kirkman,21
Brian K. Vaughan,20
Robin Hobb,20
Jeffrey Archer,20
David Eddings,20
Nicholas Sparks,20
J.K. Rowling,20
L.J. Smith,19
Raymond E. Feist,19
Kurt Vonnegut Jr.,19
Jennifer L. Armentrout,18
Sidney Sheldon,18
Paulo Coelho,18
Anne McCaffrey,18
Lisa Gardner,18
George R.R. Martin,18
Daniel Silva,18
Robert Jordan,18
Tom Clancy,18
Cassandra Clare,18
Elin Hilderbrand,18
Michael Crichton,17
James Rollins,17
Carl Hiaasen,17
Ken Follett,17
Roald Dahl,17
Chuck Palahniuk,16
Margaret Weis,16
Kresley Cole,16
Karin Slaughter,16
Bernard Cornwell,16
Colleen Hoover,16
Charles Dickens,16
Kelley Armstrong,16
Lemony Snicket,16
Christopher Moore,15
Lisa Kleypas,15
P.C. Cast,15
Karen Marie Moning,15
Sophie Kinsella,15
Terry Goodkind,15
Alexander McCall Smith,15
Erin Hunter,15
Kathy Reichs,15
Arthur Conan Doyle,15
Francine Rivers,15
Vince Flynn,15
Edgar Allan Poe,14
John Flanagan,14
Isabel Allende,14
Bill Bryson,14
Patricia Briggs,14
Philippa Gregory,14
Darren Shan,14
Anthony Horowitz,14
Rachel Caine,14
Holly Black,14
Clive Cussler,14
Ilona Andrews,14
Brad Thor,13
Clive Barker,13
Scott Westerfeld,13
Robert A. Heinlein,13
Stephenie Meyer,13
Piers Anthony,13
Jo Nesbø,13
Jane Green,13
Jeff Kinney,13
Sarah J. Maas,13
Bill Watterson,13
Kim Harrison,13
Anita Shreve,13
Diana Gabaldon,13
Anonymous,13
Brian Jacques,13
Margaret Atwood,13
William Gibson,13
Sara Shepard,13
Tim LaHaye,13
Sarah Dessen,12
Jennifer Weiner,12
Eoin Colfer,12
Kristin Hannah,12
John Irving,12
Gabriel García Márquez,12
Tess Gerritsen,12
Louise Penny,12
Nelson DeMille,12
Marian Keyes,12
Gena Showalter,12
Nalini Singh,12
Veronica Roth,12
L.M. Montgomery,12
Dennis Lehane,11
Arthur C. Clarke,11
Maeve Binchy,11
Judy Blume,11
Douglas Adams,11
Joe Hill,11
Ernest Hemingway,11
Anne Tyler,11
Julie Garwood,11
Bill Willingham,11
Kiera Cass,11
Ian McEwan,11
Margaret Peterson Haddix,11
Jeaniene Frost,11
Robert Crais,10
Lois McMaster Bujold,10
Toni Morrison,10
Cecelia Ahern,10
Iain M. Banks,10
Henning Mankell,10
Karen Kingsbury,10
Christine Feehan,10
Maya Banks,10
Ted Dekker,10
Susan Elizabeth Phillips,10
Steve Berry,10
D.J. MacHale,10
Lara Adrian,10
Sandra Brown,10
John Scalzi,10
John Steinbeck,10
Julia Quinn,10
Joe Abercrombie,10
Frank Miller,10
Steven Erikson,10
Jamie McGuire,10
Neal Stephenson,10
Jeffery Deaver,10
Charles Bukowski,10
Ally Carter,10
Laura Ingalls Wilder,10
Ursula K. Le Guin,10
Paul Auster,9
Julie Kagawa,9
Brent Weeks,9
David Foster Wallace,9
Brandon Mull,9
V.C. Andrews,9
Garth Ennis,9
Enid Blyton,9
Shannon Hale,9
Jenny Nimmo,9
Milan Kundera,9
Jasper Fforde,9
Tad Williams,9
Garth Nix,9
Peter F. Hamilton,9
Hugh Howey,9
Ellen Hopkins,9
Nick Hornby,9
Tsugumi Ohba,9
Beverly Cleary,9
Amanda Hocking,9
Dan Simmons,9
Suzanne Collins,9
David Sedaris,9
Cormac McCarthy,9
Robert Ludlum,9
Fyodor Dostoyevsky,9
J.R.R. Tolkien,9
Maggie Stiefvater,9
Kevin Hearne,8
Mary Kay Andrews,8
John le Carré,8
Ian Fleming,8
H.P. Lovecraft,8
Barbara Kingsolver,8
Emily Giffin,8
Christina Lauren,8
Ann Patchett,8
Liane Moriarty,8
Fannie Flagg,8
Oscar Wilde,8
Lisa Scottoline,8
Ellen Schreiber,8
Richard Bachman,8
Tom Robbins,8
Franz Kafka,8
Danielle Steel,8
Roger Zelazny,8
Chris Bohjalian,8
Maria V. Snyder,8
Judith McNaught,8
Dave Eggers,8
Lynsay Sands,8
Alan Moore,8
Lauren Oliver,8
Jane Austen,8
David McCullough,8
Philip K. Dick,8
Melissa de la Cruz,8
José Saramago,8
Matthew Reilly,8
Stephen R. Donaldson,7
Anna Quindlen,7
Jacqueline Winspear,7
Andrzej Sapkowski,7
Laura Joffe Numeroff,7
Debbie Macomber,7
Ann Brashares,7
Frank E. Peretti,7
Trudi Canavan,7
Jessica Sorensen,7
Bret Easton Ellis,7
Alice Hoffman,7
Laurie Halse Anderson,7
Anne Bishop,7
Alan Bradley,7
Conn Iggulden,7
David Mitchell,7
Robin McKinley,7
Gail Carriger,7
Philip Roth,7
Greg Iles,7
Mercedes Lackey,7
Warren Ellis,7
Marissa Meyer,7
James A. Michener,7
Kate Atkinson,7
Sylvia Day,7
Louisa May Alcott,7
Jack London,7
Frederick Forsyth,7
Robert Louis Stevenson,7
Bryan Lee OMalley,7
Douglas Coupland,7
Salman Rushdie,7
George Orwell,7
Dan Brown,7
John Marsden,7
Natsuki Takaya,7
Cinda Williams Chima,7
Gayle Forman,7
Philip Pullman,7
Alyson Noel,7
Gregory Maguire,7
Pittacus Lore,7
Umberto Eco,7
Jenny Han,7
J. Lynn,7
Wendy Mass,7
Michael Buckley,7
Darynda Jones,7
Dorothy L. Sayers,6
Adriana Trigiani,6
Amy Tan,6
Libba Bray,6
Lisi Harrison,6
Rachel Vincent,6
Anton Chekhov,6
Kate DiCamillo,6
Chelsea Handler,6
Brian Herbert,6
Patrick Ness,6
Mitch Albom,6
Madeleine LEngle,6
Chuck Klosterman,6
Matsuri Hino,6
Bisco Hatori,6
Louise Rennison,6
R.L. Stine,6
Geraldine Brooks,6
F. Scott Fitzgerald,6
Michael Scott,6
Michael   Lewis,6
Carl Sagan,6
Robert Muchamore,6
Lauren Kate,6
Chetan Bhagat,6
Friedrich Nietzsche,6
Bill Martin Jr.,6
Madeleine Wickham,6
John Green,6
Neal Shusterman,6
Dee Henderson,6
Jules Verne,6
Tracy Chevalier,6
Michael  Grant,6
Augusten Burroughs,6
Frank Herbert,6
James S.A. Corey,6
Angie Sage,6
Rudyard Kipling,6
Richard Paul Evans,6
C.J. Sansom,6
E.L. James,6
Jeph Loeb,6
China Miéville,6
Cornelia Funke,6
Jean M. Auel,6
Louis Sachar,6
Ben Aaronovitch,6
Richard Dawkins,6
Grant Morrison,6
Octavia E. Butler,6
Gene Luen Yang,6
Claudia Gray,6
Cecily von Ziegesar,6
Joseph Conrad,6
Jacqueline Carey,6
JeanPaul Sartre,6
Jon Krakauer,6
A.A. Milne,6
Seth Godin,6
Eric Carle,6
Candace Bushnell,6
Susan Cooper,6
Mark Twain,6
Jan Karon,6
Gordon Korman,6
Lois Lowry,6
Rachel Renée Russell,6
Alastair Reynolds,6
Graham Greene,6
Kazuo Ishiguro,6
Jojo Moyes,6
H.G. Wells,6
Shel Silverstein,6
Christopher Paolini,6
Michael J. Sullivan,6
Marie Lu,6
Carlos Ruiz Zafón,6
Naomi Novik,6
Sarah Waters,6
Sarah Addison Allen,6
Ina Garten,6
Larissa Ione,6
Simone Elkeles,6
Michael Chabon,6
Pat Conroy,6
Joshilyn Jackson,6
Thomas Hardy,6
Peter Clines,6
Mo Willems,6
Hermann Hesse,5
Leo Tolstoy,5
Susanna Kearsley,5
Rainbow Rowell,5
David Levithan,5
T.S. Eliot,5
Marjane Satrapi,5
CLAMP,5
Lisa See,5
Dee Lestari,5
Timothy J. Keller,5
A.G. Riddle,5
Oliver Sacks,5
Sarah Vowell,5
Timothy Zahn,5
Richard Russo,5
Melissa Marr,5
Scott Snyder,5
George Eliot,5
Amish Tripathi,5
Aldous Huxley,5
Kami Garcia,5
Becca Fitzpatrick,5
Diane Chamberlain,5
Kylie Scott,5
Leigh Bardugo,5
Arnold Lobel,5
Zadie Smith,5
Julie James,5
Bella Forrest,5
R.K. Lilley,5
Jonathan Stroud,5
James Dashner,5
Jonathan Kellerman,5
Tarryn Fisher,5
Tana French,5
Glen Cook,5
David Shannon,5
Tami Hoag,5
Anne Lamott,5
Heather Brewer,5
أحلام مستغانمي,5
Mercer Mayer,5
Henry James,5
C.C. Hunter,5
Blake Crouch,5
P.G. Wodehouse,5
Tom Wolfe,5
Jennifer Crusie,5
Iris Johansen,5
Doreen Cronin,5
David Weber,5
Lauren Weisberger,5
Don DeLillo,5
Guy Gavriel Kay,5
Leon Uris,5
Raymond Chandler,5
Jen Lancaster,5
Olivia Cunning,5
Larry Niven,5
Louise Erdrich,5
Kristen Proby,5
Alison Weir,5
Sam Harris,5
Kevin Henkes,5
Melina Marchetta,5
Bill OReilly,5
Kim Stanley Robinson,5
Chloe Neill,5
Lloyd Alexander,5
Vi Keeland,5
Cynthia Hand,5
Alexandre Dumas,5
Malcolm Gladwell,5
Jeanette Winterson,5
Jack Kerouac,5
Virginia Woolf,5
Hunter S. Thompson,5
Beatrix Potter,5
Leigh Nichols,5
John Updike,5
Jennifer Estep,5
Mary Roach,5
Chimamanda Ngozi Adichie,5
Kate Morton,5
Samantha Young,5
Jeff Lindsay,5
Irvine Welsh,5
Jerry Spinelli,5
Erik Larson,5
Jessica Day George,5
Plato,5
Wally Lamb,5
Tahereh Mafi,5
William Faulkner,5
Ray Bradbury,5
Tammara Webber,5
Ayn Rand,5
Michael Pollan,5
Diana Wynne Jones,5
Lewis Carroll,5
Stephen Hawking,5
Shelly Crane,5
Chris Cleave,5
Michel Houellebecq,4
Michael Ondaatje,4
Joanne Harris,4
Jeanne DuPrau,4
يوسف زيدان,4
Italo Calvino,4
Albert Camus,4
Rick Yancey,4
Susan Vreeland,4
Craig Johnson,4
Linda Howard,4
Lee Strobel,4
Andrea Hirata,4
Christopher Hitchens,4
Anna Todd,4
Mario Puzo,4
Dave Barry,4
Joseph Delaney,4
Anna Godbersen,4
Wilbur Smith,4
Mariana Zapata,4
Stan Berenstain,4
Aprilynne Pike,4
Kazu Kibuishi,4
Flannery OConnor,4
Elena Ferrante,4
Karen Chance,4
Penelope Douglas,4
Susane Colasanti,4
Elle Kennedy,4
Shirley Jackson,4
Jon Ronson,4
Kent Haruf,4
Alice Munro,4
Ruth Reichl,4
Anita Diamant,4
P.D. James,4
Helen Fielding,4
Rachel Hawkins,4
Rosamunde Pilcher,4
George Carlin,4
Meredith Wild,4
Stephen E. Ambrose,4
Quinn Loftis,4
Morgan Matson,4
Jodi Ellen Malpas,4
Jay Crownover,4
James Ellroy,4
Jennifer Donnelly,4
Joss Whedon,4
Marion Zimmer Bradley,4
Steve Martin,4
Jennifer Echols,4
D.H. Lawrence,4
Alexandra Bracken,4
Robert   Harris,4
David Brin,4
Mark  Lawrence,4
Emma Chase,4
James Herriot,4
Sherman Alexie,4
Penelope Ward,4
Amy Harmon,4
N.K. Jemisin,4
Anthony Bourdain,4
Tijan,4
Lili St. Crow,4
Atul Gawande,4
Emma Donoghue,4
Aristotle,4
Ree Drummond,4
Jan Brett,4
Curtis Sittenfeld,4
Stieg Larsson,4
Stephen R. Covey,4
Michio Kaku,4
Hans Christian Andersen,4
Peter V. Brett,4
Patricia C. Wrede,4
Oliver Pötzsch,4
J.D. Salinger,4
أحمد مراد,4
Lisa McMann,4
Sandra Boynton,4
Walter Isaacson,4
Katy Evans,4
Vladimir Nabokov,4
Thomas Pynchon,4
Edward Rutherfurd,4
Jeff Smith,4
Whitney G.,4
Marilynne Robinson,4
Laurelin Paige,4
Victoria Aveyard,4
Thomas Mann,4
R.L. Mathewson,4
Richard Bach,4
Elizabeth Gaskell,4
Michelle Moran,4
George Saunders,4
Steven Pinker,4
Dante Alighieri,4
Mark Cotta Vaz,4
W. Somerset Maugham,4
Chris dLacey,4
Aurora Rose Reynolds,4
Raymond Carver,4
Heather Gudenkauf,4
Astrid Lindgren,4
Mark Millar,4
Patrick OBrian,4
Dave Pelzer,4
Linda Sue Park,4
Sophie Jordan,4
Colleen Houck,4
Amy A. Bartol,4
Dav Pilkey,4
Joan Didion,4
Jussi AdlerOlsen,4
Orhan Pamuk,4
Elizabeth Strout,4
Jhumpa Lahiri,4
Jack Campbell,4
Alice Clayton,4
Kate Chopin,4
Elizabeth Gilbert,4
James Joyce,4
Stephanie Perkins,4
Nicole  Williams,4
Camilla Läckberg,4
James Frey,4
Charlie N. Holmberg,4
MaryJanice Davidson,4
Edith Wharton,4
Carrie Jones,4
Jorge Luis Borges,4
Charlotte Brontë,4
Catherine Ryan Hyde,4
Sylvia Plath,4
Kasie West,4
Thomas Harris,4
E.M. Forster,4
Mario Vargas Llosa,4
Martha Stewart,4
Ann M. Martin,4
Gillian Flynn,4
Juliet Marillier,4
Lisa Genova,4
James Clavell,4
Jacqueline Wilson,4
Jonathan Tropper,4
A.N. Roquelaure,4
Derek Landy,4
Neale Donald Walsch,3
أحمد خالد توفيق,3
P.D. Eastman,3
محمد صادق,3
Kerstin Gier,3
Maggie Shipstead,3
Carrie Vaughn,3
Jude Watson,3
Pablo Neruda,3
Dan Wells,3
Mary E. Pearson,3
Kiersten White,3
Frances Hodgson Burnett,3
Tom Perrotta,3
Erin Watt,3
Tim OBrien,3
Robert A. Caro,3
Steven D. Levitt,3
Jonathan Swift,3
Betty MacDonald,3
Laini Taylor,3
Amy Ewing,3
Dashiell Hammett,3
Lian Hearn,3
Khaled Hosseini,3
Pseudonymous Bosch,3
Tom Rob Smith,3
Matt Fraction,3
S.E. Hinton,3
James Lee Burke,3
Sara Zarr,3
Nancy Farmer,3
Madeline Sheehan,3
Alistair MacLean,3
E. Lockhart,3
Brigid Kemmerer,3
David Nicholls,3
James Gleick,3
John Fowles,3
Maurice Sendak,3
L. Frank Baum,3
Laura Lippman,3
Mira Grant,3
Vernor Vinge,3
Jacqueline Woodson,3
John Wyndham,3
Maureen Johnson,3
C.J. Roberts,3
Robin Cook,3
Brian Azzarello,3
Irvin D. Yalom,3
Josephine Angelini,3
Dorothea Benton Frank,3
Kristin Cashore,3
Daniel H. Pink,3
Peggy Parish,3
Rebecca Donovan,3
Jen Hatmaker,3
Saul Bellow,3
Margret Rey,3
John Eldredge,3
Andrea Cremer,3
Joelle Charbonneau,3
Trenton Lee Stewart,3
Kendare Blake,3
Sophocles,3
Deborah Harkness,3
Edgar Rice Burroughs,3
Tennessee Williams,3
Herman Wouk,3
E.B. White,3
Edmund Morris,3
Fredrik Backman,3
Sara Donati,3
Connie Willis,3
Jared Diamond,3
James     Baldwin,3
Chris Colfer,3
Junot Díaz,3
Alan Dean Foster,3
Katie Ashley,3
V.E. Schwab,3
Antonia Fraser,3
Marguerite Henry,3
Paolo Bacigalupi,3
John Locke,3
Michael Rosen,3
Nora Ephron,3
Wendy Higgins,3
Adam Hochschild,3
K. Bromberg,3
Ann Leckie,3
Robert Sabuda,3
Dave Ramsey,3
Ann Aguirre,3
Caragh M. OBrien,3
Samantha Towle,3
Rae Carson,3
Johann Wolfgang von Goethe,3
Gerald N. Lund,3
Patricia Highsmith,3
Alexandra Adornetto,3
Nancy Thayer,3
Beverly Lewis,3
Jane Yolen,3
Jack Canfield,3
Chevy Stevens,3
Mark Haddon,3
Kimberly Derting,3
G. Willow Wilson,3
Megan Whalen Turner,3
Jennifer A. Nielsen,3
Mia Ikumi,3
Armistead Maupin,3
John Jakes,3
Robert Dugoni,3
Julie Anne Peters,3
Richard Castle,3
أثير عبدالله النشمي,3
Marie Rutkoski,3
Chelsea Cain,3
Carrie Ryan,3
Daphne du Maurier,3
Rhonda Byrne,3
Judy Schachner,3
J. Kenner,3
حسن الجندي,3
Eugene Bradley Coco,3
Jeannette Walls,3
Gail Carson Levine,3
Carolyn Keene,3
Amie Kaufman,3
Michel Faber,3
Philip Yancey,3
Mike Mignola,3
Arthur Miller,3
Lawrence Wright,3
Alice Sebold,3
Else Holmelund Minarik,3
Naomi Klein,3
Brian Greene,3
A.J. Jacobs,3
Brené Brown,3
Robert Greene,3
Joseph J. Ellis,3
Christopher Pike,3
Mike Carey,3
Don Winslow,3
Peter Lerangis,3
Scott Lynch,3
Sue Monk Kidd,3
Charles Stross,3
Homer,3
Mitchell Zuckoff,3
Jeff VanderMeer,3
Gary Paulsen,3
Raine Miller,3
Nikolai Gogol,3
Henry David Thoreau,3
Sergei Lukyanenko,3
Essam Youssef,3
Sarah Jio,3
S.C. Stephens,3
Richard Ford,3
Scott Turow,3
René Descartes,3
J.G. Ballard,3
Rob Bell,3
Beth Revis,3
Tillie Cole,3
Jennifer E. Smith,3
Thomas L. Friedman,3
Katie McGarry,3
Greg Bear,3
Ransom Riggs,3
Jennifer McMahon,3
Jonathan Franzen,3
Chitra Banerjee Divakaruni,3
Art Spiegelman,3
Faith Hunter,3
Richard Feynman,3
Matt Haig,3
Michelle Hodkin,3
C.S. Pacat,3
Brad Meltzer,3
Jonathan Safran Foer,3
Chris Van Allsburg,3
Morgan Rhodes,3
Esther Hicks,3
Simon Winchester,3
Joel Osteen,3
Annie Proulx,3
Matthew Inman,3
Dan Ariely,3
Megan Abbott,3
Richard Matheson,3
Yana Toboso,3
Rebecca Wells,3
James C. Collins,3
J.A. Redmerski,3
Jostein Gaarder,3
Susan Ee,3
Lincoln Peirce,3
H.M. Ward,3
Melody Anne,3
Katherine Paterson,3
Hergé,3
Ruta Sepetys,3
Catherine Bybee,3
Matthew Quick,3
David Wiesner,3
Benjamin Hoff,3
Ally Condie,3
Sharon Creech,3
Richard K. Morgan,3
Kate Egan,3
Al Ries,3
Willa Cather,3
Eckhart Tolle,3
Susan Beth Pfeffer,3
Tite Kubo,3
Lauren Conrad,3
Linwood Barclay,3
Nicky Charles,3
Mary Pope Osborne,3
Amitav Ghosh,3
Andrew Clements,3
Natasha Preston,3
Simon Singh,3
Émile Zola,3
Ira Levin,3
Justin Cronin,3
Elizabeth Eulberg,3
Tony Kushner,3
Larry McMurtry,3
Belle Aurora,3
Thich Nhat Hanh,3
Lauren Groff,3
Gabrielle Zevin,3
Donald Miller,3
Joseph Boyden,3
Alan Brennert,3
Lisa Lutz,3
Frank McCourt,3
Jennifer Probst,3
Barbara Delinsky,3
Donna Tartt,3
Elizabeth George Speare,3
Ludwig Bemelmans,3
Evelyn Waugh,3
Naguib Mahfouz,3
Julia Child,3
Paullina Simons,3
Lev Grossman,3
Colson Whitehead,3
Ben Mezrich,3
Lionel Shriver,3
Colm Tóibín,3
Richard Kadrey,3
Lauren DeStefano,3
Sharon M. Draper,3
Robert McCloskey,3
Kody Keplinger,3
Eric S. Nylund,3
Stephen Crane,3
Brian Selznick,3
Ross King,3
E.E. Cummings,3
Jeffrey Eugenides,3
Doris Kearns Goodwin,3
Rachel Joyce,3
Jonathan Maberry,3
George Bernard Shaw,3
Elizabeth  George,3
H.A. Rey,3
Russell Hoban,3
Mary Kubica,3
Drew Karpyshyn,3
Brian  McClellan,3
Patrick Rothfuss,3
Veronica Rossi,3
Aleatha Romig,3
Raina Telgemeier,3
Walt Disney Company,3
Joanna Wylde,3
Alaa Al Aswany,3
Larry Correia,3
Nassim Nicholas Taleb,3
Pierce Brown,3
Robert T. Kiyosaki,3
Alice Walker,3
Sylvain Reynard,3
Robert Galbraith,3
William Styron,3
Sharon Kay Penman,3
Herman Melville,3
Guillermo del Toro,3
David Gemmell,3
Ami McKay,2
Kristen Callihan,2
Jennifer L. Holm,2
J. Maarten Troost,2
Nina LaCour,2
Arnaldur Indriðason,2
Kirsty Moseley,2
Arina Tanemura,2
Chip Heath,2
Michel Foucault,2
Danny Gregory,2
Miranda July,2
Cory Doctorow,2
Marcus Sakey,2
Ilana Tan,2
Chanda Hahn,2
Ludwig Wittgenstein,2
Roz Chast,2
Machado de Assis,2
Roland Barthes,2
Markus Zusak,2
L.A. Weatherly,2
Iris Murdoch,2
Paul Theroux,2
Mohsin Hamid,2
Stephen Briggs,2
Sandi Lynn,2
John Piper,2
Owen  West,2
Lauren Graham,2
Beatriz Williams,2
A.G. Howard,2
Ravinder Singh,2
David James Duncan,2
Monica  Murphy,2
Robyn Carr,2
Claire Messud,2
Kyousuke Motomi,2
Peter Carey,2
Daniel Suarez,2
Mia Sheridan,2
Alfred Bester,2
مصطفى محمود,2
Jennifer Lynn Barnes,2
Chris Anderson,2
Jon Meacham,2
Alessandra Torre,2
Lauren Barnholdt,2
Jon Klassen,2
Taylor Jenkins Reid,2
Lauren Beukes,2
Amy Plum,2
Kristan Higgins,2
A. Meredith Walters,2
Founding Fathers,2
Alison Goodman,2
Pat Barker,2
Hugh Lofting,2
Karina Halle,2
Ben H. Winters,2
Caroline Myss,2
Naoko Takeuchi,2
Ann Leary,2
J.C. Reed,2
K.A. Linde,2
Georgia Cates,2
Virginia Lee Burton,2
Ralph Waldo Emerson,2
C.G. Jung,2
Michael J. Fox,2
Joseph Campbell,2
Michelle Knight,2
Elaine N. Aron,2
Sinclair Lewis,2
Robert Frost,2
Gary Shteyngart,2
Kristen Britain,2
The Arbinger Institute,2
Leo Lionni,2
David  Brooks,2
Peggy Rathmann,2
Zane,2
Gary Zukav,2
Terry McMillan,2
Nicholas Evans,2
Ellen Marie Wiseman,2
Victoria Schwab,2
Edward Abbey,2
Maggie OFarrell,2
J.M. Darhower,2
Daniel Abraham,2
Brandon Stanton,2
Guy de Maupassant,2
Samantha Shannon,2
Radwa Ashour,2
Audrey Niffenegger,2
Elizabeth Scott,2
Laline Paull,2
Sara Gruen,2
Elisabeth Elliot,2
Diane Muldrow,2
Gail Tsukiyama,2
Deborah Rodriguez,2
Alessandro Baricco,2
Tere Liye,2
Nevil Shute,2
A.S. King,2
Pepper Winters,2
Kate Mosse,2
Lynda Mullaly Hunt,2
Kitty French,2
Roland Smith,2
Yann Martel,2
Carlos Castaneda,2
Daniel C. Dennett,2
Yoshihiro Togashi,2
Jack Gantos,2
Steven Pressfield,2
Scott  Meyer,2
Karen   White,2
Cynthia Voigt,2
Rachel Abbott,2
Aeschylus,2
Allen Say,2
Rachel Gibson,2
Ian Edginton,2
Mary  Stewart,2
Alison Croggon,2
Brian Staveley,2
Noelle Stevenson,2
Stormie Omartian,2
Simon R. Green,2
Rachel Van Dyken,2
Alain de Botton,2
Tom Angleberger,2
Bree Despain,2
Margaret George,2
Simms Taback,2
Reza Aslan,2
Emma Straub,2
Noah Hawley,2
Carol Shields,2
Beth Harbison,2
James Herbert,2
T.M. Frazier,2
Richard Branson,2
Elizabeth Kostova,2
Brian Michael Bendis,2
Frank Beddor,2
Laura Kaye,2
Jeff Shaara,2
Michael Morpurgo,2
Julianne Donaldson,2
Tara Sivec,2
Lars Kepler,2
Anne Frank,2
Jonathan Haidt,2
T.C. Boyle,2
William  Boyd,2
Aimee Carter,2
Steven Johnson,2
Anna Carey,2
Kass Morgan,2
غسان كنفاني,2
Karen Cushman,2
Peter  May,2
John D. Rateliff,2
Better Homes and Gardens,2
Kelly Corrigan,2
Jeanne Birdsall,2
Stephen Fry,2
Megan McCafferty,2
Richard Peck,2
Arturo PérezReverte,2
J.L. Bourne,2
Daniel Quinn,2
Peter Shaffer,2
B.J. Novak,2
Roberto Bolaño,2
Mary Hoffman,2
John Saul,2
Harper Lee,2
J. Courtney Sullivan,2
Emily Bleeker,2
Brodi Ashton,2
Caleb Carr,2
Tom Stoppard,2
Mark  Edwards,2
Denis Johnson,2
Pema Chödrön,2
Paul O. Zelinsky,2
Mary Downing Hahn,2
Herman Koch,2
Jude Deveraux,2
Jessica Verday,2
Max Barry,2
William Blake,2
Dietrich Bonhoeffer,2
Kate Brian,2
Kathryn Jackson,2
Susan Meissner,2
Gary Larson,2
Brian Coffey,2
Jay Asher,2
Tim Winton,2
Thomas Malory,2
Nigella Lawson,2
Bertrand Russell,2
Gary D. Schmidt,2
Erika Johansen,2
Giada De Laurentiis,2
Caroline Kepnes,2
Gwyn Hyman Rubio,2
The Church of Jesus Christ of Latterday Saints,2
G.K. Chesterton,2
E. Nesbit,2
Grant Naylor,2
R.D. Ronald,2
J.  Daniels,2
Kathleen E. Woodiwiss,2
Isa Chandra Moskowitz,2
Kaye Gibbons,2
Joshua Harris,2
Rainer Maria Rilke,2
Eric Van Lustbader,2
Anne Rampling,2
Gene Wolfe,2
Roddy Doyle,2
Yuu Watase,2
Teddy Slater,2
Plum Sykes,2
Edward Gorey,2
Anna Banks,2
Jennifer Close,2
Janette Oke,2
Justine Korman Fontes,2
John Layman,2
Jack Finney,2
James M. Cain,2
Matt Ridley,2
Cornelius Ryan,2
Obert Skye,2
Marcus Buckingham,2
Thornton Wilder,2
Honoré de Balzac,2
Lang Leav,2
Daisy Goodwin,2
Ruud van der Rol,2
Molière,2
Jonathan Lethem,2
Malorie Blackman,2
Alan W. Watts,2
Molly McAdams,2
Julie Otsuka,2
Laurie Faria Stolarz,2
Hillary Rodham Clinton,2
Antony Beevor,2
Clayton M. Christensen,2
Charlie Higson,2
Marisa de los Santos,2
Dodie Smith,2
Adeline Yen Mah,2
Cherrie Lynn,2
Ai Yazawa,2
Thomas Paine,2
Robert Cormier,2
Wayne W. Dyer,2
Hampton Sides,2
Theodore Dreiser,2
Jill Shalvis,2
John Stuart Mill,2
Immanuel Kant,2
Kendra Elliot,2
Claire North,2
Miriam Toews,2
Tessa Dare,2
Scott B. Smith,2
Sarah MacLean,2
Anna Dewdney,2
Lindsey Kelk,2
Mike Lupica,2
Kerry Patterson,2
Jonathan Harr,2
René Goscinny,2
Rob Thomas,2
Jessica Park,2
Jennifer  McMahon,2
Martin Amis,2
V.S. Naipaul,2
Andy Andrews,2
Karen Miller,2
Norman Mailer,2
Ashwin Sanghi,2
Brittainy C. Cherry,2
Jonas Jonasson,2
Lorrie Moore,2
Andrew  Smith,2
Carrie Fisher,2
Georgette Heyer,2
Maria Semple,2
Sarah Dunant,2
Gustave Flaubert,2
Bruce H. Wilkinson,2
Mark Waid,2
Michael Ende,2
David Ebershoff,2
Vanessa Diffenbaugh,2
Roberto AguirreSacasa,2
Ron Chernow,2
Tina Reber,2
Sabaa Tahir,2
Michael Moore,2
Brian Froud,2
Richard Wright,2
M. Leighton,2
Don Freeman,2
Nujood Ali,2
Greg Mortenson,2
E.H. Gombrich,2
Jane Smiley,2
Patricia McCormick,2
Mikhail Bulgakov,2
Irving Stone,2
Chaim Potok,2
Cora Reilly,2
Robert Munsch,2
Lettie B. Cowman,2
Elizabeth Wein,2
Elizabeth Berg,2
R.J. Palacio,2
Juan Gabriel Vásquez,2
Vincent van Gogh,2
Nicola Yoon,2
Hillary Jordan,2
Nicole Krauss,2
Mark Bowden,2
Wendelin Van Draanen,2
Jack Higgins,2
David Wong,2
Robert K. Massie,2
Cheryl Strayed,2
Christopher Paul Curtis,2
T.H. White,2
Maggie Nelson,2
Kimberly McCreight,2
Michael Cunningham,2
Ulrich Bischoff,2
Jandy Nelson,2
Kahlil Gibran,2
Anthea Bell,2
Julia Alvarez,2
Marko Kloos,2
Wallace Stegner,2
Kathleen Grissom,2
Gretchen Rubin,2
Erich Segal,2
Pam Muñoz Ryan,2
Frances Mayes,2
Vaddey Ratner,2
Corrie ten Boom,2
Sharon Guskin,2
Charles C. Mann,2
Helen Simonson,2
Joe Haldeman,2
A.W. Tozer,2
Dava Sobel,2
Dale Carnegie,2
Unknown,2
Thomas J. Stanley,2
Faye Perozich,2
Ken Kesey,2
Marie Kondō,2
Jennifer Niven,2
Rebecca Forster,2
S.H. Kolee,2
W. Bruce Cameron,2
Jon Scieszka,2
Graeme Simsion,2
Wednesday Martin,2
Jamie Oliver,2
Andrew  Peterson,2
Rebecca Stead,2
Erma Bombeck,2
Daniel Goleman,2
Tatiana de Rosnay,2
Jeffrey D. Sachs,2
Stephen Sondheim,2
Mark Bittman,2
Victor Hugo,2
Seth GrahameSmith,2
Anne Brontë,2
Rachel Cohn,2
Ernest Cline,2
Henrik Ibsen,2
Julian Barnes,2
Len Deighton,2
Francis Chan,2
Avi,2
E.C. Diskin,2
Rohinton Mistry,2
Phaidon Press,2
Sandra Dallas,2
Patti Smith,2
Jenny  Lawson,2
Ruth Ozeki,2
Justin Halpern,2
Kate Jacobs,2
Miguel Ruiz,2
Jacob Grimm,2
E.L. Konigsburg,2
Robert C. OBrien,2
Fernando Pessoa,2
Tucker Max,2
Fiona Carnarvon,2
William S. Burroughs,2
Charlotte Perkins Gilman,2
AnnMarie MacDonald,2
Amazon,2
Iain Banks,2
Marisha Pessl,2
Max Brooks,2
Kevin Kwan,2
A.S. Byatt,2
Sigmund Freud,2
Derf Backderf,2
Alex Flinn,2
Mary Karr,2
Kalayna Price,2
Robin LaFevers,2
Henry Miller,2
Jennifer Egan,2
Emily Dickinson,2
Hilary Mantel,2
Nathaniel Philbrick,2
Aleksandr Solzhenitsyn,2
Susanna Clarke,2
Dorie Greenspan,2
Melanie Gideon,2
O. Henry,2
Rumiko Takahashi,2
Jane Hamilton,2
Steve Perry,2
William Goldman,2
Meca Tanaka,2
Louise L. Hay,2
Melanie Benjamin,2
Heather Burch,2
J.M. Coetzee,2
Cora Carmack,2
Anthony  Ryan,2
Barack Obama,2
Masashi Kishimoto,2
Daniel Defoe,2
Tracy Kidder,2
Harry Allard,2
Colleen McCullough,2
Atsushi Ohkubo,2
Sebastian Junger,2
Patrick Carman,2
Roxane Gay,2
Karen Joy Fowler,2
Peter Heller,2
Mark Kurlansky,2
Rosamund Lupton,2
S.J. Watson,2
Billie Letts,2
Robert McCammon,2
Liu Cixin,2
Stendhal,2
Truman Capote,2
Meg Wolitzer,2
Erich Maria Remarque,2
Mindy Kaling,2
Kevin J. Anderson,2
Kathryn Croft,2
Charles Frazier,2
Jennifer Worth,2
Amor Towles,2
Hubert Selby Jr.,2
Jean Craighead George,2
Andy Weir,2
K.A. Tucker,2
Nancy Horan,2
Christopher Yost,2
Laura Hillenbrand,2
James Redfield,2
Harper Sloan,2
Renee Ahdieh,2
Huntley Fitzpatrick,2
Ann Rule,2
The Harvard Lampoon,2
Jill Leovy,2
Hiro Fujiwara,2
Mary Doria Russell,2
Candice Millard,2
Gary Chapman,2
Jon Stewart,2
Moira Young,2
Laura  Barnett,2
Wilkie Collins,2
James D. Bradley,2
Paula McLain,2
J. Sterling,2
Jamie Ford,2
Richard   Preston,2
John C. Maxwell,2
Anthony Robbins,2
Colum McCann,2
Max Lucado,2
Catherine Fisher,2
Timothy Ferriss,2
Jonah Lehrer,2
Janet Fitch,2
Danielle  Paige,2
Elif Shafak,2
Margaret Wise Brown,2
Craig Thompson,2
John Connolly,2
Laurie R. King,2
Jack Welch,2
Maya Angelou,2
Jean de Brunhoff,2
Scott McCloud,2
Hajime Isayama,2
Gail McHugh,2
Caitlin Moran,2
Nathaniel Hawthorne,2
Robin S. Sharma,2
Jenny Downham,2
Elisabeth Egan,2
Kazue Kato,2
Miranda Kenneally,2
Michael Patrick MacDonald,1
Christopher Priest,1
Robert Hicks,1
Sara Ryan,1
April Henry,1
Margaret Leroy,1
Jess Rothenberg,1
Tom Standage,1
Tracy Letts,1
Peter Jenkins,1
David B.,1
Toni Aleo,1
Alex Rosenberg,1
James Hilton,1
Jacqueline Sheehan,1
Perry    Moore,1
Laurann Dohner,1
Rolf Dobelli,1
Hope Larson,1
Jamie Delano,1
Suketu Mehta,1
Ali Novak,1
Scott Dikkers,1
Isabel Wolff,1
Alfred Tennyson,1
Corina Bomann,1
Steve Sheinkin,1
L.D. Davis,1
Bruce Campbell,1
Edward M. Kennedy,1
Crissy Calhoun,1
Myra McEntire,1
Mark    Adams,1
Lauren Myracle,1
Will Durant,1
Gene Kim,1
Thomas C. Foster,1
American Psychiatric Association,1
Black Elk,1
Randy Alcorn,1
Johanna Lindsey,1
Andrew Hunt,1
محمد المنسي قنديل,1
W.P. Kinsella,1
Paula H. Deen,1
Jane Lynch,1
Edward Said,1
Nic Pizzolatto,1
Samuel Shem,1
Georgia Byng,1
Lord Byron,1
L. Ron Hubbard,1
خالد الباتلي,1
Django Wexler,1
Tom Brokaw,1
Apostolos Doxiadis,1
Anita Brookner,1
Billy Collins,1
Cynthia Swanson,1
Emily Murdoch,1
Ken Robinson,1
Lynn Flewelling,1
Jacqueline Davies,1
Jill Murphy,1
Todd J. McCaffrey,1
Robin Norwood,1
Jennifer Haigh,1
Jeff Wheeler,1
Ayşe Kulin,1
Donald McCaig,1
Charles Martin,1
Mac Barnett,1
Charles Bernard Nordhoff,1
Siri Hustvedt,1
Steve Toltz,1
Christopher Chabris,1
Amélie Nothomb,1
أنيس منصور,1
Bob Gale,1
Stephen R. Lawhead,1
Dolen PerkinsValdez,1
Sarah Turnbull,1
Robert  Beatty,1
Thomas E. Sniegoski,1
Audre Lorde,1
Suzanne Weyn,1
Heinrich Harrer,1
Jenna Black,1
Nick Cave,1
Keri Smith,1
Steven Spielberg,1
William Nicholson,1
Richard Brautigan,1
Judith Kerr,1
Alex Kotlowitz,1
Perry Moore,1
Cat Patrick,1
Val McDermid,1
Homer Hickam,1
Brenna Yovanoff,1
Terry Jones,1
Katie Klein,1
Trish Doller,1
Glenn Greenwald,1
Harry Bernstein,1
Nella Larsen,1
Willow Aster,1
Garth Risk Hallberg,1
Danielle L. Jensen,1
Christiane Northrup,1
Georges Bataille,1
Glen David Gold,1
Mircea Eliade,1
Sara B. Larson,1
Gavin Menzies,1
Morris Gleitzman,1
Kim Gruenenfelder,1
Eric Jerome Dickey,1
Yasunari Kawabata,1
John Searles,1
Eric Hill,1
Bill Browder,1
John D. Fitzgerald,1
سلطان موسى الموسى,1
Kate Clifford Larson,1
John OHara,1
Arthur Nersesian,1
Janet Ahlberg,1
Amy Waldman,1
Alissa Nutting,1
Alan       Lee,1
Edmund Spenser,1
Diablo Cody,1
Justin Torres,1
Bertolt Brecht,1
Peter Lynch,1
Erin Gruwell,1
Stephen              Jones,1
Jeff Brown,1
Fareed Zakaria,1
Anna Gavalda,1
Donald Crews,1
Dinah Bucholz,1
Bart D. Ehrman,1
Anatoli Boukreev,1
Katee Robert,1
عباس معروفی,1
Nicholas Pileggi,1
Danielle Trussoni,1
Susan Elia MacNeal,1
Anne Byrn,1
Sonya Sones,1
Hafez,1
Josh Bazell,1
Elizabeth Winthrop,1
Miles Davis,1
Tonya Hurley,1
Sarah L. Delany,1
James Luceno,1
Tim Tebow,1
Carolly Erickson,1
Ben Hatke,1
Brian Kilmeade,1
Daniel Wallace,1
Scarlett Thomas,1
Alex  Ross,1
Paul Torday,1
Larry Bond,1
Josh KilmerPurcell,1
Steve Alten,1
Rachel Bertsche,1
Michael Herr,1
Lorenzo Carcaterra,1
Gemma Halliday,1
François Lelord,1
Sarah Palin,1
Forrest Carter,1
Philip Reeve,1
Suetonius,1
Winston Graham,1
David Bach,1
Raymond Briggs,1
Walter Moers,1
Richard Price,1
Peter Hedges,1
Sarah Pinborough,1
Martha Grimes,1
Jocelyn Davies,1
Clint Hill,1
Mourid Barghouti,1
William March,1
John L. Parker Jr.,1
Yangsze Choo,1
Amy Lichtenhan,1
Grace Draven,1
Joe Sacco,1
Melanie Rawn,1
Walter Benjamin,1
Kim Karr,1
Gayle Tzemach Lemmon,1
Ronald C. White Jr.,1
Pascal Mercier,1
Benedict Jacka,1
Adrian Nicole LeBlanc,1
Barbara Taylor Sissel,1
Jon J. Muth,1
David Lebovitz,1
Charles M. Schulz,1
David Mamet,1
Ira Wagler,1
Bob Grant,1
Susan  Wilson,1
Robert W. Chambers,1
Oprah Winfrey,1
Jami Attenberg,1
Susan Dennard,1
Marcia Clark,1
Hiroshi Sakurazaka,1
Jacqueline Briggs Martin,1
Cynthia J. McGean,1
Scott Anderson,1
Philip C. Stead,1
Smith Henderson,1
Lisa Jackson,1
Erskine Caldwell,1
Kate Summerscale,1
Loretta Chase,1
Glenn Beck,1
Cammie McGovern,1
Susan Abulhawa,1
Melissa Nathan,1
Nevada Barr,1
Kate Hamer,1
Maki Minami,1
Jodi Lynn Anderson,1
Jessi Klein,1
A.C. Gaughen,1
Alex Lake,1
Robert Shea,1
Alexander Gordon Smith,1
Amanda     Berry,1
Christian Rudder,1
Poppy Z. Brite,1
Darwyn Cooke,1
Aya Nakahara,1
Kristin Levine,1
Hidekaz Himaruya,1
José Maria de Eça de Queirós,1
Amanda Grange,1
Miranda Hart,1
Jane Shemilt,1
Misty Bernall,1
Rita Golden Gelman,1
Lauren Blakely,1
Elizabeth Bard,1
Gene StrattonPorter,1
Nancy Reagin,1
Ramachandra Guha,1
Ryan Holiday,1
Kate Grenville,1
Ben Carson,1
Linda Williams,1
R.C. Sproul,1
Ruth Krauss,1
Nancy E. Shaw,1
J.B. Salsbury,1
Hazel Gaynor,1
Gary Keller,1
Omar Tyree,1
Alisa Kwitney,1
صلاح جاهين,1
Cynthia Bond,1
Anaïs Nin,1
Eiichiro Oda,1
Confucius,1
Pamela Des Barres,1
Giuseppe Tomasi di Lampedusa,1
Paul Jenkins,1
Sara Douglass,1
Mélanie Watt,1
Sandra Gulland,1
Josephine Tey,1
Angela Flournoy,1
Adam Gidwitz,1
Alisa Valdes,1
Luke Rhinehart,1
Krista Ritchie,1
Eleanor Coerr,1
Amanda Foreman,1
Mary Elizabeth Braddon,1
Amanda Brown,1
J.P. Delaney,1
Jeff Lemire,1
Marie Force,1
Tayeb Salih,1
Doris Lessing,1
ÉricEmmanuel Schmitt,1
Harold S. Kushner,1
Philip G. Zimbardo,1
Nancy Pickard,1
Rusty Young,1
Fuyumi Soryo,1
Michelle Richmond,1
Elisabeth Naughton,1
Tan Twan Eng,1
Claudia Rankine,1
Roger Lea MacBride,1
Alex Kava,1
Tammy Falkner,1
Jim Thompson,1
Anthony Hope,1
Patty Lovell,1
Albert Einstein,1
Siobhan Vivian,1
Shawn Achor,1
Tyler Oakley,1
Jim Loehr,1
Laurence Sterne,1
David  Arnold,1
Nick Cutter,1
Georg Wilhelm Friedrich Hegel,1
Sarah Mlynowski,1
Héctor Tobar,1
Julie Gregory,1
Paulette Jiles,1
Devdutt Pattanaik,1
D.J. Molles,1
Laura  McBride,1
Sarah Prineas,1
Michael Azerrad,1
AnnaLisa Grant,1
Michael D. Watkins,1
Debra Dean,1
Hannu Rajaniemi,1
Kiyo Fujiwara,1
Spencer Quinn,1
Caroline Knapp,1
Steven Callahan,1
Laurence Rees,1
Slavomir Rawicz,1
Durjoy Datta,1
Andrea Kettenmann,1
John D. MacDonald,1
Ivan Doig,1
Steve Martini,1
Scott  Hawkins,1
Leslie Jamison,1
Tom Sniegoski,1
Laura Ruby,1
Guy Delisle,1
Wayne A. Grudem,1
Sarah Andersen,1
R. Scott Bakker,1
Kristin Kimball,1
Melissa Landers,1
Stephanie Garber,1
Julia Claiborne Johnson,1
Cheryl Rainfield,1
Ahmad Fuadi,1
Rick Atkinson,1
Jo Walton,1
Cathy Hopkins,1
Garr Reynolds,1
Paul Pen,1
Jodi Meadows,1
William Kamkwamba,1
William Carlos Williams,1
Lesley Livingston,1
Shana Norris,1
Geoff Johns,1
Manning Marable,1
Paul Galdone,1
بهاء طاهر,1
Keary Taylor,1
Flann OBrien,1
Suzanne Wright,1
Donna Russo Morin,1
Anita Amirrezvani,1
Austin Grossman,1
MaryJane Knight,1
Uwem Akpan,1
Dale Wasserman,1
Ali Smith,1
Natasha Anders,1
Glen Duncan,1
pleasefindthis,1
Noam Chomsky,1
James Lincoln Collier,1
Si Robertson,1
Horace Walpole,1
Anne Sexton,1
David Hackett Fischer,1
Waris Dirie,1
Bill Finger,1
Eric Blehm,1
Lisa Tawn Bergren,1
Erica Jong,1
Sarah BlakleyCartwright,1
Elle Casey,1
Mireille Guiliano,1
Laura Whitcomb,1
Elly Griffiths,1
Jodee Blanco,1
Neil A. Fiore,1
Gemma Burgess,1
Samad Behrangi,1
Robertson Davies,1
André Aciman,1
L.A. Casey,1
Mo Hayder,1
Walter Lord,1
Donald Ray Pollock,1
Clare Naylor,1
Matthew Desmond,1
Genevieve Cogman,1
Francisco X. Stork,1
Victoria Jamieson,1
Robin Benway,1
C.J. Box,1
Jill Alexander Essbaum,1
Tyler Hamilton,1
Richard Stearns,1
Adam Gopnik,1
Richard Wurmbrand,1
Lama Surya Das,1
Katharine Hepburn,1
David Baggett,1
David Byrne,1
Nicky Cruz,1
August Wilson,1
Lynda Cohen Loigman,1
Katie Cotugno,1
David Simon,1
Benedict Freedman,1
Connor Franta,1
Rene Denfeld,1
Paul  Hoffman,1
Don Richardson,1
Chris Claremont,1
Elizabeth Norris,1
Sean Patrick,1
Ann Hood,1
Raditya Dika,1
Tara Sue Me,1
Lauren Willig,1
Shūsaku Endō,1
Rachel Ward,1
Margot Lee Shetterly,1
Barbara Ann Brennan,1
Carl R. Rogers,1
Masami Tsuda,1
Howard Jacobson,1
Dean Hughes,1
Iris Rainer Dart,1
David Almond,1
David Hume,1
Greg Pak,1
Mike Birbiglia,1
Stacy King,1
Miklós Nyiszli,1
Mario Benedetti,1
Katherine Addison,1
Adam Makos,1
John Cheever,1
Neil Simon,1
V.S. Ramachandran,1
Drew Barrymore,1
Tamara Ireland Stone,1
Naomi Wolf,1
Richard   Phillips,1
Ted Andrews,1
P.B. Kerr,1
عزالدين شكري فشير,1
Melissa Senate,1
Joan Bauer,1
Bob Spitz,1
Mary Lawson,1
Jack McCallum,1
Leslie Marmon Silko,1
Janne Teller,1
Liz Kessler,1
Jodi Daynard,1
Sara Paretsky,1
Sarah Hepola,1
Alex Marwood,1
Morgan Rice,1
Kōbō Abe,1
Amy Zhang,1
Sheldon Vanauken,1
Jennifer Ashley,1
Stephen Hunter,1
Esther Earl,1
Stephanie Bond,1
Pauline Réage,1
Laura Wiess,1
Charles Wheelan,1
Henri J.M. Nouwen,1
C.S. Friedman,1
Pattie Boyd,1
Deborah Ellis,1
Stephen Clarke,1
Frantz Fanon,1
Robert Jackson Bennett,1
Bruce Coville,1
James D. Watson,1
Clifford D. Simak,1
Mary Westmacott,1
S.M. Stirling,1
John Shors,1
Lynley Dodd,1
Kurt Cobain,1
Mason Currey,1
Marlo Morgan,1
Daniel Glattauer,1
Assata Shakur,1
Brynne Stephens,1
Susan Sontag,1
Mary McGarry Morris,1
William  Davis,1
Dan Jurgens,1
Kanoko Sakurakouji,1
Barthe DeClements,1
David Auburn,1
Matthew Mather,1
Chris Guillebeau,1
Rolf Potts,1
H.W. Janson,1
Yukiru Sugisaki,1
Katharine Graham,1
Cristina Henríquez,1
Anthony Ryan,1
Sonali Deraniyagala,1
Gabrielle Hamilton,1
A.L. Singer,1
Bruce Degen,1
John Patrick Shanley,1
Al Franken,1
John Lawrence Peterson,1
Martin E.P. Seligman,1
Leah Remini,1
Edith Hahn Beer,1
Molly Wizenberg,1
John Steptoe,1
Jack Weatherford,1
Joanne Fluke,1
Bill Dedman,1
Marian Potter,1
Joyce Maynard,1
Bob McCabe,1
Kathleen Tessaro,1
Henry T. Blackaby,1
Nicci French,1
Marybeth Mayhew Whalen,1
Shayla Black,1
Caralyn Buehner,1
Matthew  Thomas,1
David Axton,1
Robert Harling,1
Linda Lafferty,1
Barry Schwartz,1
Ed Emberley,1
Denis Leary,1
Alexander Osterwalder,1
David Colbert,1
Ann McGovern,1
Meg Jay,1
Bill Buford,1
Tedd Arnold,1
Jude Fisher,1
Geoff Colvin,1
George C. Perry,1
Martin Sixsmith,1
Lucy Knisley,1
Lambert M. Surhone,1
Donald J. Sobol,1
Ronald H. Balson,1
Rachael Ray,1
David McRaney,1
Dawn J. Ranck,1
Megan Miranda,1
Tony Parsons,1
Stephanie Evanovich,1
Louise Doughty,1
Steven  Rowley,1
David A. Vise,1
Chris   Smith,1
Miranda BeverlyWhittemore,1
Laurie Fabiano,1
Haven Kimmel,1
Andy Cohen,1
Wanda Gág,1
Eric Schmidt,1
Gene Zion,1
Herman Parish,1
Andrew Stanton,1
Phillip C. McGraw,1
Heidi Murkoff,1
Ramez Naam,1
Amy Sedaris,1
W. Chan Kim,1
Matthew FitzSimmons,1
Robert Lopshire,1
Therese Anne Fowler,1
Walter Mosley,1
Gloria Levine,1
Elizabeth Peters,1
Amy Gentry,1
Sheila Burnford,1
Sloane Crosley,1
Jana Deleon,1
Tom Shales,1
Phaedra Patrick,1
Americas Test Kitchen,1
Marc Guggenheim,1
A.J. Banner,1
Bruno Ernst,1
David Sheff,1
Barbara Demick,1
Jason Mott,1
Katja Millay,1
Masaru Emoto,1
Ellen Levine,1
Mark Mathabane,1
Tony Hillerman,1
Larry Bird,1
José Mauro de Vasconcelos,1
Soman Chainani,1
Cary Elwes,1
Sherry Argov,1
Mika Waltari,1
Joanna Cole,1
Adrian Conan Doyle,1
Elizabeth  Smart,1
M.O. Walsh,1
Amy Bloom,1
Barbara Claypole White,1
Giles Andreae,1
Janet Stevens,1
Pamela Druckerman,1
Gilly Macmillan,1
Shunryu Suzuki,1
Giulia Enders,1
Barbara Shook Hazen,1
Anna Maxted,1
Helen Gardner,1
Susan Coolidge,1
Rory Freedman,1
Josh Kaufman,1
Donna Foley Mabry,1
Mollie Katzen,1
Howard Schultz,1
Jill Conner Browne,1
Catherine Marshall,1
Richard H. Thaler,1
Marcus Samuelsson,1
Alice Waters,1
Michael E. Porter,1
Thomas Rockwell,1
Sejal Badani,1
Rosalind Miles,1
John Hodgman,1
Marv Wolfman,1
Guy Kawasaki,1
عبدالله المغلوث,1
Betty Friedan,1
Irving Shulman,1
Scott Pratt,1
Petra DurstBenning,1
Jessica Livingston,1
Tachibana Higuchi,1
Kiyoko Arai,1
Rachel Dratch,1
Amelia AtwaterRhodes,1
Tomoko Hayakawa,1
Ellis Avery,1
Steven Levy,1
Yōko Kamio,1
Lisa Jewell,1
Gertrude Crampton,1
محمد السالم,1
Ben Mikaelsen,1
Pearl Cleage,1
Carrie Brownstein,1
Syd Hoff,1
Alton Brown,1
Helen Oyeyemi,1
Peter M. Senge,1
Robin Furth,1
Diane Arbus,1
Roy F. Baumeister,1
Harvey Karp,1
James   McBride,1
Janice Y.K. Lee,1
Marshall Goldsmith,1
Anne Rivers Siddons,1
John Ortberg,1
Frank De Felitta,1
Lindy West,1
Steve Krug,1
Sheri  Fink,1
Deborah Feldman,1
Ellen Titlebaum,1
Anton DiSclafani,1
Willard F. Harley Jr.,1
Trina Schart Hyman,1
Jennifer Chiaverini,1
Edan Lepucki,1
Michael Teitelbaum,1
Gina L. Maxwell,1
Jim Gaffigan,1
Ian Doescher,1
Kurtis J. Wiebe,1
Catherine McKenzie,1
Jill Mansell,1
Harriet Lerner,1
Ori Brafman,1
Burton G. Malkiel,1
Claire Huchet Bishop,1
Elmore Leonard,1
Marie Simchow Stern Masha,1
Martin Pistorius,1
L.A. Fiore,1
Annie North Bedford,1
Eric Litwin,1
Allison Pearson,1
Carol Tavris,1
T.R. Ragan,1
Victoria Kann,1
Gina Mayer,1
Jenny McCarthy,1
Cherise Sinclair,1
Nick Offerman,1
Geoffrey A. Moore,1
Stephen M.R. Covey,1
Rebecca Solnit,1
Laura McHugh,1
Alfred Uhry,1
Frederick Franck,1
Leil Lowndes,1
Erika Swyler,1
Steve Hockensmith,1
William S. BaringGould,1
Maria Augusta von Trapp,1
J.D. Horn,1
Natasha Solomons,1
D.M. Pulley,1
Roy Thomas,1
Trinka Hakes Noble,1
Paul Tough,1
Camille Pagán,1
Alexandra Horowitz,1
Caroline Preston,1
Robert Coles,1
Brad Stone,1
Larry Bossidy,1
Simon Wood,1
Alan Cumming,1
Irin Carmon,1
Sonia Sotomayor,1
Eleanor Estes,1
Simon Kuper,1
Eileen Christelow,1
Holly Madison,1
Elizabeth Reyes,1
Deb Perelman,1
Enid Bagnold,1
Loreth Anne White,1
John P. Kotter,1
Glennon Doyle Melton,1
Joanna Trollope,1
Denise Grover Swank,1
Timur Vermes,1
Tawni ODell,1
Shaunti Feldhahn,1
Elizabeth Ross,1
Robert Masello,1
Gigi Levangie Grazer,1
Alice McDermott,1
Amanda Knox,1
Heidi W. Durrow,1
Ben Avery,1
Amy  Stewart,1
Elizabeth   Hunter,1
Janet Briggs,1
Jillian Dodd,1
Anne Enright,1
Kate Alcott,1
Sarah Simblet,1
Tim Johnston,1
Marti Olsen Laney,1
David Perlmutter,1
Kevin Stein,1
Jeff Hobbs,1
Bryan J.L. Glass,1
Frank B. Gilbreth Jr.,1
Lily Koppel,1
John Heilemann,1
Paul Beatty,1
Jenna Miscavige Hill,1
Karen Russell,1
Thomas  Moore,1
Sara Nović,1
Ambrose Bierce,1
Melissa Müller,1
Omar Khayyám,1
Jun Mochizuki,1
Ben Horowitz,1
Jane OConnor,1
Melody Beattie,1
Dean R. Koontz,1
Melinda Long,1
Mem Fox,1
R.S. Grey,1
A.M. Homes,1
Donna Leon,1
Bohumil Hrabal,1
Hervé Tullet,1
M. Pierce,1
Chris Crutcher,1
R.D. Blackmore,1
S.A.R.K.,1
Ellen Stoll Walsh,1
Alex   Sanchez,1
Louise Jensen,1
Dominic Smith,1
عمر طاهر,1
Leah Wilson,1
Jonathan L. Howard,1
Ryū Murakami,1
Jason  Matthews,1
Virginia M. Axline,1
David Starkey,1
Michael Baigent,1
Roderick Gordon,1
Chelsea Fine,1
Ibraheem Abbas,1
Roland Merullo,1
Bella Andre,1
John Brunner,1
Gwen Cooper,1
Michael Dante DiMartino,1
Gregg Andrew Hurwitz,1
Bette Greene,1
Cara Lockwood,1
Kevin Malarkey,1
Sarra Manning,1
Jonathan Renshaw,1
Michael A. Stackpole,1
Neil Postman,1
Dick Winters,1
Marcella Hazan,1
Jennifer Rush,1
M.C. Beaton,1
مصطفى إبراهيم,1
Kentaro Miura,1
Thomas Merton,1
Paul Neilan,1
Dan Chaon,1
Shelly Laurenston,1
Alex Berenson,1
Jenny OConnell,1
G.A. Aiken,1
Leisa Rayven,1
Elizabeth Bishop,1
Thomas Wolfe,1
Larry Levin,1
William McDonough,1
Marc Weissbluth,1
Angie Thomas,1
Robert Leckie,1
Rose Levy Beranbaum,1
Helen Hooven Santmyer,1
Richard Siken,1
William Arntz,1
Ken Akamatsu,1
Yotam Ottolenghi,1
E.L. Montes,1
Morton Rhue,1
Ramit Sethi,1
Angela Johnson,1
L.J. Shen,1
François Rabelais,1
Thomas Frank,1
عمرو سلامة,1
Guy Debord,1
Gennifer Albin,1
Charlie LeDuff,1
Greg Rucka,1
Sebastian Barry,1
Zig Ziglar,1
Twyla Tharp,1
Anne Michaels,1
Gary Ezzo,1
نور عبدالمجيد,1
Steve Coll,1
Jed Rubenfeld,1
H.P. Mallory,1
Geneen Roth,1
Frank Bettger,1
Nancy Leigh DeMoss,1
Billy Crystal,1
Jackie Collins,1
Cheryl McIntyre,1
Bill Hybels,1
Teju Cole,1
Randall Wallace,1
Esi Edugyan,1
Steven Tyler,1
Katie MacAlister,1
Christine Zolendz,1
Federico García Lorca,1
Chris Heimerdinger,1
Jenna Jameson,1
Jacquelyn Frank,1
Lindsay Ashford,1
Nancy Tillman,1
Christina McKenna,1
Indu Sundaresan,1
Hanif Kureishi,1
Sarah Crossan,1
Michael J. Sandel,1
Leila Meacham,1
Mordicai Gerstein,1
Janice  Thompson,1
Henry Marsh,1
Susan S. Adler,1
Breena Clarke,1
Ann Cleeves,1
Debora Geary,1
Kady Cross,1
Tom Holland,1
Anderson Cooper,1
Patricia M. Scarry,1
Molly Harper,1
Eloisa James,1
Cindy C. Bennett,1
Lisa ODonnell,1
James Andrew Miller,1
Jim Krueger,1
Dick KingSmith,1
Joel Fuhrman,1
Bernadette RossettiShustak,1
HaveYouSeenThisGirL,1
Julie Buxbaum,1
Annie Barrows,1
Margot Livesey,1
Joel C. Rosenberg,1
Alice  Miller,1
The Waiter,1
Graham Swift,1
Lucie Whitehouse,1
Sharon G. Flake,1
Theodore Sturgeon,1
Randy Susan Meyers,1
Erlend Loe,1
Victoria Helen Stone,1
John Lanchester,1
Ruth Wariner,1
Linda Fairstein,1
Jay Winik,1
Monty Roberts,1
Eldridge Cleaver,1
Nancy E. Turner,1
Nickolas Butler,1
Julia Pierpont,1
Christopher Buckley,1
Shauna Niequist,1
Anna Jean Mayhew,1
Sally Fallon Morell,1
Abigail Haas,1
Joe Hart,1
Malvina G. Vogel,1
Adam M. Grant,1
Judith Krantz,1
Maria Dahvana Headley,1
Addison Moore,1
Grady Hendrix,1
Hugh Ambrose,1
Terry Ryan,1
Rashmi Bansal,1
Lawrence Ferlinghetti,1
Carol Burnett,1
Daniel J. Boorstin,1
Harry Harrison,1
Bert Dodson,1
W.G. Sebald,1
Johanna Edwards,1
Lauren Morrill,1
Aleksandr Griboyedov,1
Howard Dully,1
José Emilio Pacheco,1
Franklin Foer,1
Angela Elwell Hunt,1
Emery Lord,1
Ilsa MaddenMills,1
Alice LaPlante,1
Dan Abnett,1
Max Frisch,1
Inga Muscio,1
Yukio Mishima,1
Deeanne Gist,1
Peter Matthiessen,1
Jessica Knoll,1
Lena Dunham,1
Richard P. Feynman,1
Robert Kapilow,1
Lauren Henderson,1
Maxwell Maltz,1
Olive Ann Burns,1
Adam Mansbach,1
Joe Navarro,1
Jonah Berger,1
Phil Robertson,1
Stephen Kendrick,1
Ben Sherwood,1
Sue Miller,1
Douglas E. Richards,1
Scott ODell,1
David R. Gillham,1
Randy Pausch,1
Peggy Orenstein,1
Terri Blackstock,1
John Rawls,1
Oscar Hijuelos,1
Ben Okri,1
Miles  Cameron,1
Ian Mortimer,1
Mary Wollstonecraft Shelley,1
Daniel Keyes,1
Bethany McLean,1
Anthony Burgess,1
William Paul Young,1
Alex Gino,1
Mary Ann Shaffer,1
Shoichi Aoki,1
Eva Ibbotson,1
Ottessa Moshfegh,1
Nicholas Ganz,1
Liza Klaussmann,1
Margaret Edson,1
Cynthia Rylant,1
Beth Moore,1
Stephen Davis,1
حسن كمال,1
Adolfo Bioy Casares,1
Courtney Milan,1
Henry Hazlitt,1
Francis A. Schaeffer,1
Michael Frayn,1
Kiyohiko Azuma,1
Elaine Pagels,1
Patricia Harman,1
Claire Contreras,1
Nick Flynn,1
Jean Lee Latham,1
Gwen Hayes,1
James Agee,1
Sarah Lotz,1
Baruch Spinoza,1
Andre Norton,1
Megan McDonald,1
T.A. Barron,1
Lori Nelson Spielman,1
Kate Andersen Brower,1
Donald J. Trump,1
Jana Oliver,1
Arianna Huffington,1
Laurent Binet,1
Julie Hockley,1
Mark Walden,1
تامر إبراهيم,1
William C. Dietz,1
Richard Llewellyn,1
Jeffrey Brown,1
Ed Young,1
Melissa Anelli,1
Richard Henry Dana Jr.,1
Amy Brown,1
Edie Claire,1
Martin Waddell,1
Stephanie Kallos,1
Babe Walker,1
Jean Anouilh,1
Suki Kim,1
Joan Aiken,1
Harold McGee,1
Nick Bruel,1
Lucinda Riley,1
Robert   Foster,1
Angela Duckworth,1
سهراب سپهری,1
Natasha Friend,1
Elyn R. Saks,1
Karen Harper,1
Alan    Richardson,1
Saroo Brierley,1
Brady Udall,1
Carol Lynch Williams,1
Edward Gibbon,1
Dick Riley,1
Donald Hall,1
Rafael Sabatini,1
Kim van Alkemade,1
Carrie Anne Noble,1
Elizabeth  Little,1
Charlie Lovett,1
Mathias Malzieu,1
Deanna Raybourn,1
Liesl Shurtliff,1
Thor Heyerdahl,1
Giorgio Vasari,1
Søren Kierkegaard,1
Isabel Wilkerson,1
Alyson Richman,1
Robert Graves,1
Amanda Lindhout,1
Vera Brosgol,1
Jean Rhys,1
Katherine Howe,1
Emma Healey,1
Robert M. Edsel,1
Will Schwalbe,1
Ava Dellaira,1
Helen Bryan,1
Yaa Gyasi,1
Immaculée Ilibagiza,1
Joël Dicker,1
Koushun Takami,1
Sophia Amoruso,1
George W. Bush,1
Anthony Marra,1
Richard Flanagan,1
Aimee Bender,1
N.H. Kleinbaum,1
Paramahansa Yogananda,1
Alvin Schwartz,1
John Hersey,1
Jennifer Brown,1
Karen Armstrong,1
Thomas More,1
Dai Sijie,1
Martha Hall Kelly,1
Amy Chua,1
Dan   Harris,1
Sena Jeter Naslund,1
M.T. Anderson,1
Euripides,1
Hannah Hurnard,1
Charles Burns,1
Vicki Myron,1
Jo Baker,1
Robyn Schneider,1
Marcia Brown,1
Barbara Taylor Bradford,1
Sarah Ockler,1
Thrity Umrigar,1
Jerome K. Jerome,1
Tom Rath,1
Jean Kwok,1
Leonardo da Vinci,1
John   Williams,1
Frank W. Abagnale,1
Carol S. Dweck,1
Richard Paige,1
Young Kim,1
Samuel Taylor Coleridge,1
H. Rider Haggard,1
Jacqueline Susann,1
David Herbert Donald,1
Alexander Pushkin,1
Harold Bloom,1
Arthur Hailey,1
Chelsea M. Cameron,1
Josh Malerman,1
Timothy Egan,1
Raymond Khoury,1
Kathy Griffin,1
Edwin A. Abbott,1
Tim Tharp,1
Erich Fromm,1
Eleanor Brown,1
Mihaly Csikszentmihalyi,1
Portia de Rossi,1
Carl Bernstein,1
Michelle Rowen,1
Douglas R. Hofstadter,1
Rodman Philbrick,1
Åsne Seierstad,1
Bev Vincent,1
Caroline B. Cooney,1
Kay Redfield Jamison,1
Bo Hampton,1
Laila Ibrahim,1
Mark Owen,1
Laura Moriarty,1
Clare Mackintosh,1
H.G. Bissinger,1
Ovid,1
Robert Morgan,1
Tony Hsieh,1
KrishnaDwaipayana Vyasa,1
Elizabeth Haynes,1
Richard Lancelyn Green,1
Rachel Hartman,1
Michael E. Gerber,1
James Howe,1
Bill Clinton,1
Nobuhiro Watsuki,1
Dave Cullen,1
Amy Schumer,1
Audrey Wood,1
Alexandra Ripley,1
Edward Albee,1
Eric Metaxas,1
Dot Hutchison,1
Kiran Desai,1
Alexandra Fuller,1
سعود السنعوسي,1
James W. Loewen,1
Blaine Harden,1
Madeline Miller,1
Sarah Thornton,1
Richard Atwater,1
Bob Dylan,1
George Selden,1
Patrick Lencioni,1
Roger Fisher,1
Kerry Lonsdale,1
Joe Simpson,1
Dan Millman,1
Tom Rachman,1
Helen Macdonald,1
Nicholas D. Kristof,1
Daniel Handler,1
Steve Harvey,1
Emerson Eggerichs,1
Lalita Tademy,1
Mahatma Gandhi,1
Lance Armstrong,1
Karuho Shiina,1
Daniel Todd Gilbert,1
James Allen,1
Nina George,1
Ann Voskamp,1
Robert Bloch,1
Rupi Kaur,1
Julia Glass,1
Benjamin Franklin,1
Patricia Schultz,1
Peter  Swanson,1
Vikram Seth,1
Julie Orringer,1
Dee Brown,1
Władysław Szpilman,1
Geoffrey Crayon,1
David Wilkerson,1
Cynthia Lord,1
Og Mandino,1
Fiona Barton,1
Sapphire,1
William Kent Krueger,1
Christopher Marlowe,1
Henry Cloud,1
Sarah Ban Breathnach,1
Victoria Finlay,1
Ernest J. Gaines,1
Nick Bantock,1
Akira Toriyama,1
Anne Morrow Lindbergh,1
John Perkins,1
Daniel OMalley,1
Jon KabatZinn,1
Banana Yoshimoto,1
JeanJacques Rousseau,1
Ernesto Sabato,1
Alexander Hamilton,1
Sarah Blake,1
Nic Sheff,1
Ed Catmull,1
Benjamin Graham,1
Frida Kahlo,1
Tommy Lee,1
Susan Hill,1
Barbara Robinson,1
Washington Irving,1
Victoria Hislop,1
Ian Rankin,1
Blanche Fisher Wright,1
Bob Goff,1
Amanda Coplin,1
Edith Hamilton,1
Thomas Hobbes,1
Michelle Magorian,1
Tabitha Suzuma,1
J.R. Moehringer,1
Danny Sugerman,1
Brennan Manning,1
Günter Grass,1
Eric Shanower,1
Brother Lawrence,1
Julie Kibler,1
Ron Rash,1
E.L. Doctorow,1
Ben Goldacre,1
Michael Punke,1
Foundation for Inner Peace,1
Sam Kean,1
Marya Hornbacher,1
Felicia Day,1
Robert Hughes,1
Belva Plain,1
Karl Marlantes,1
Jordan Belfort,1
Michelle Alexander,1
Knut Hamsun,1
Jenny Offill,1
Dalton Trumbo,1
Pierre Boulle,1
James Dickey,1
Lene Kaaberbøl,1
Katsura Hoshino,1
Ian Caldwell,1
Rob Sheffield,1
Legs McNeil,1
Sarah Weeks,1
Jim Carroll,1
Lew Wallace,1
Kyle Idleman,1
Miyamoto Musashi,1
Noah Gordon,1
Kohta Hirano,1
D.B.C. Pierre,1
Ntozake Shange,1
Stella Gibbons,1
Trevor Noah,1
Theodore Taylor,1
Justina Chen,1
Peter Høeg,1
Julia Hoban,1
Edmund de Waal,1
Al Perkins,1
Lissa Price,1
Juan Rulfo,1
Heather Cocks,1
Robert Charles Wilson,1
Eugene ONeill,1
William  Gibson,1
Thomas Cahill,1
Frederik Pohl,1
Chris Hadfield,1
Joy Adamson,1
Rosamund Hodge,1
Shaun Tan,1
Augustine of Hippo,1
Cathy Marie Buchanan,1
Sarah Silverman,1
Diane Ackerman,1
Bret Lott,1
Primo Levi,1
خولة حمدي,1
Joshua Ferris,1
Hisaya Nakajo,1
Andrew Davidson,1
Andy Warhol,1
Nathan Filer,1
Madeleine Roux,1
Dorothy Allison,1
Simon Sinek,1
Marjorie Flack,1
Nate Silver,1
Mikhail Lermontov,1
M.M. Kaye,1
Jasinda Wilder,1
Donna VanLiere,1
Alice Schroeder,1
Betty Crocker,1
Holly Goldberg Sloan,1
Richard Connell,1
Jalaluddin Rumi,1
William R. Forstchen,1
Alan Weisman,1
Ingrid Law,1
Bill Simmons,1
عائض القرني,1
A.P.J. Abdul Kalam,1
Becky Albertalli,1
William Steig,1
W.B. Yeats,1
Keith Ferrazzi,1
Irwin Shaw,1
Sheri Reynolds,1
Pat Frank,1
Sister Souljah,1
Han Kang,1
Bryan Stevenson,1
Brian L. Weiss,1
Kimon Nicolaides,1
Carolyn Jessop,1
Lorna Landvik,1
Edward P. Jones,1
Marcel Proust,1
Don    Wood,1
Daniel H. Wilson,1
Sue Townsend,1
Naoki Higashida,1
PierreAmbroise Choderlos de Laclos,1
Charles Baudelaire,1
Tom Franklin,1
Sarah Winman,1
Emily Carroll,1
Ayana Mathis,1
Andrew Ross Sorkin,1
Zoe Sugg,1
Carol Ryrie Brink,1
J.I. Packer,1
Felix Salten,1
Herodotus,1
Matthew Pearl,1
Nancy Garden,1
Harriet Jacobs,1
T. Harv Eker,1
Marina Keegan,1
Paolo Giordano,1
Gennifer Choldenko,1
Sarah  Young,1
JeanDominique Bauby,1
Pam Adams,1
Susannah Cahalan,1
Jacquelyn Mitchard,1
Robin Sloan,1
Paul Kalanithi,1
Ellen Raskin,1
Sam McBratney,1
Peter Benchley,1
Muriel Barbery,1
Sylvia Nasar,1
Helen Keller,1
Upton Sinclair,1
M.R. Carey,1
Crockett Johnson,1
Hiromu Arakawa,1
Judi Barrett,1
Irma S. Rombauer,1
Azar Nafisi,1
Kenneth Grahame,1
Malcolm X,1
Gaston Leroux,1
Allie Brosh,1
Judith Viorst,1
Howard Zinn,1
Celeste Ng,1
Christopher McDougall,1
Napoleon Hill,1
Jess Walter,1
Julie Powell,1
Gregory David Roberts,1
Thomas Keneally,1
Bernhard Schlink,1
William Peter Blatty,1
David Guterson,1
Alex Haley,1
Ralph Ellison,1
Ishmael Beah,1
Melissa Bank,1
Samuel Beckett,1
Catherine Hardwicke,1
Stacy Schiff,1
Kenneth H. Blanchard,1
Lao Tzu,1
Jaycee Dugard,1
Aesop,1
Jay Anson,1
Austin Kleon,1
Joyce Carol Oates,1
Stephen Colbert,1
Ursula Hegi,1
Marcus Pfister,1
Ellen DeGeneres,1
David Lagercrantz,1
Emma Cline,1
Isaac Marion,1
Hanya Yanagihara,1
Benjamin Alire Sáenz,1
Johann David Wyss,1
Don Piper,1
Mark Z. Danielewski,1
David    Allen,1
Cynthia DAprix Sweeney,1
Vincent Bugliosi,1
TaNehisi Coates,1
John Milton,1
Jason Fried,1
Carol Rifka Brunt,1
Emmuska Orczy,1
Jon Stone,1
Chris Kyle,1
Chad Harbach,1
Mildred D. Taylor,1
Aziz Ansari,1
Katherine Applegate,1
Jim Fergus,1
James McBride,1
William Makepeace Thackeray,1
Aravind Adiga,1
Harriet Beecher Stowe,1
Lorraine Hansberry,1
M.L. Stedman,1
Betty  Smith,1
Laura Esquivel,1
John Tiffany,1
Richard Adams,1
Abraham Verghese,1
Todd Burpo,1
John Boyne,1
Spencer Johnson,1
Emma McLaughlin,1
Christina Baker Kline,1
Wilson Rawls,1
Amy Poehler,1
Susan Cain,1
Patrick Süskind,1
Eric Schlosser,1
Sun Tzu,1
Jane Carruth,1
Garth Stein,1
Geoffrey Chaucer,1
Antoine de SaintExupéry,1
William Golding,1
Kathryn Stockett,1
Arthur Golden,1
Paula Hawkins,1
Emily Brontë,1
Margaret Mitchell,1
Stephen Chbosky,1
Elie Wiesel,1
Rebecca Skloot,1
Bram Stoker,1
Tina Fey,1
Kim Edwards,1
Joseph Heller,1
Anthony Doerr,1
Erin Morgenstern,1
John Grogan,1
William Landay,1
Betty Edwards,1
Chinua Achebe,1
Natalie Babbitt,1
Margery Williams Bianco,1
Robert M. Pirsig,1
Kenneth Branagh,1
Norton Juster,1
Ned Vizzini,1
John Gray,1
Voltaire,1
John Knowles,1
Diane Setterfield,1
Miguel de Cervantes Saavedra,1
Susanna Kaysen,1
Daniel James Brown,1
Piper Kerman,1
Daniel Kahneman,1
Sheryl Sandberg,1
Johanna Spyri,1
John Berendt,1
Charles Duhigg,1
Banksy,1
J.M. Barrie,1
Beatrice Sparks,1
John Kennedy Toole,1
Arundhati Roy,1
Rick Warren,1
Emily St. John Mandel,1
Pearl S. Buck,1
John Berger,1
Chuck Dixon,1
Zora Neale Hurston,1
Newt Scamander,1
Malala Yousafzai,1
Viktor E. Frankl,1
Niccolò Machiavelli,1
Anna Sewell,1
Barbara Ehrenreich,1
Watty Piper,1
Janell Cannon,1
Flora Rheta Schreiber,1
Anne Fadiman,1
Anthony Kiedis,1
Siddhartha Mukherjee,1
Deepak Chopra,1
William Strunk Jr.,1
John  Williams,1
David Cote,1
Edmond Rostand,1
Eleanor H. Porter,1
Audrey Penn,1
Howard Pyle,1
Lawrence Hill,1
Lily King,1
Eleanor Catton,1
Piers Paul Read,1
Joyce Meyer,1
Rob Lowe,1
John Elder Robison,1
David Seltzer,1
Ronald Holt,1
Sebastian Faulks,1
Louise Fitzhugh,1
John Ajvide Lindqvist,1
Oswald Chambers,1
Alfred Lansing,1
Phyllis Reynolds Naylor,1
M.C. Escher,1
Donna Woolfolk Cross,1
Joshua Foer,1
Michael Bond,1
Norman Bridwell,1
Walter Farley,1
Tomie dePaola,1
David Bayles,1
Hayden Herrera,1
Tracey GarvisGraves,1
Miep Gies,1
Marcus Aurelius,1
Peter Straub,1
JanPhilipp Sendker,1
Alan Paton,1
Ivan Turgenev,1
Eliyahu M. Goldratt,1
Henri Charrière,1
Walter Dean Myers,1
Peter Thiel,1
Arlene Mosel,1
Yevgeny Zamyatin,1
Yuval Noah Harari,1
David J. Schwartz,1
Shari Lapena,1
Allen Eskens,1
Eric Wilson,1
Lucy Christopher,1
Stanisław Lem,1
Elizabeth Wurtzel,1
Daniel J. Levitin,1
Daniel Clowes,1
Ian Falconer,1
David Grann,1
Irène Némirovsky,1
Carlo Collodi,1
Brian Sibley,1
John Howard Griffin,1
Robert James Waller,1
Wassily Kandinsky,1
Winston Groom,1
Patricia MacLachlan,1
Eben Alexander,1
Katherine Dunn,1
Robert Penn Warren,1
Hannah Kent,1
Peter Mayle,1
Martin Cruz Smith,1
Karen Hesse,1
Yoshiki Nakamura,1
Robert B. Cialdini,1
Peter David,1
Greg Behrendt,1
Alison Bechdel,1
Terry Hayes,1
Allen Ginsberg,1
Richard Carlson,1
Téa Obreht,1
Emily Seife,1
John Bunyan,1
Carson McCullers,1
Lynne Reid Banks,1
Ruth Ware,1
Jesse Andrews,1
Dalai Lama XIV,1
Jessie Burton,1
Julia Cameron,1
Marcus Luttrell,1
Eric Ries,1
William L. Shirer,1
Peter S. Beagle,1
Eiichirō Oda,1
Christina Schwarz,1
David Wroblewski,1
Katherine Boo,1
P.L. Travers,1
Sandra Cisneros,1
David Benioff,1
Ezra Jack Keats,1
Lynne Truss,1
Clement C. Moore,1
Virgil,1
Kennilworthy Whisp,1
Jenna Blum,1
M. Scott Peck,1
Gertrude Chandler Warner,1
A.S.A. Harrison,1
Keith Richards,1
Charles Darwin,1
Karl Marx,1
James Fenimore Cooper,1
Frederick Douglass,1
Andre Agassi,1
Richard Yates,1
Alex Garland,1
Beth Hoffman,1
Nelson Mandela,1
Bryce Courtenay,1
Munro Leaf,1
Walter Scott,1
Robert Goolrick,1
Karen Thompson Walker,1
Leif Enger,1
Janette Sebring Lowrey,1
Patrick deWitt,1
Shilpi Somaya Gowda,1
Ron Hall,1
Walt Whitman,1
George S. Clason,1
Boris Pasternak,1
Michael Shaara,1
B.A. Paris,1
Randall Munroe,1
Travis Bradberry,1
Louis de Bernières,1
Adam Johnson,1
Helene Wecker,1
Esphyr Slobodkina,1
Jung Chang,1
Fred Gipson,1
Frank Warren,1
Mary Norton,1
Norman Vincent Peale,1
Hiro Mashima,1
Solomon Northup,1
Ayaan Hirsi Ali,1
Walter M. Miller Jr.,1
J.D. Vance,1
Lolly Winston,1
Robert Bryndza,1
Cate Tiernan,1
Conor Grennan,1
Kimberly Lauren,1
Martin Heidegger,1
Jonathan Kozol,1
Kenneth Oppel,1
Thomas Tryon,1
Colin Meloy,1
Daniel Tammet,1
Kaui Hart Hemmings,1
S.A. Bodeen,1
Natsumi Ando,1
Sherwood Smith,1
Ilsa J. Bick,1
Keri Hulme,1
Michelle Paver,1
Gavin Extence,1
Jeffrey Toobin,1
Boris Vian,1
Thomas A. Harris,1
C.J. Redwine,1
Chris Ryall,1
Joseph Wambaugh,1
Kelly McGonigal,1
Heinrich Böll,1
John Buchan,1
Peter Watts,1
Alexis de Tocqueville,1
Erica Bauermeister,1
Joseph ONeill,1
William Zinsser,1
Alan Bennett,1
Steve Niles,1
Fritjof Capra,1
Renée Knight,1
Hiroyuki Takei,1
Melvin Burgess,1
Keigo Higashino,1
KyungSook Shin,1
Booker T. Washington,1
Robert Fulghum,1
Thomas à Kempis,1
Scott Sigler,1
Leila Sales,1
Gloria Naylor,1
Leonard Mlodinow,1
Jim Kjelgaard,1
Jaclyn Moriarty,1
Catherine Coulter,1
Sam Smith,1
Sarah Macdonald,1
Livia E. BittonJackson,1
Ford Madox Ford,1
John Corey Whaley,1
Shiv Khera,1
Gosho Aoyama,1
L.A. Meyer,1
Phil Knight,1
Lacey Weatherford,1
Gerard Way,1
Anne Fortier,1
Spencer W. Kimball,1
Linda Kage,1
David Small,1
Jerzy Kosiński,1
Ilya Ilf,1
The Beatles,1
Christopher  Ryan,1
Annette Pollert,1
Vera B. Williams,1
Byron Katie,1
Sid Fleischman,1
Richard Rhodes,1
Richard Koch,1
Katsuhiro Otomo,1
Julie Maroh,1
William Least HeatMoon,1
Taylor Caldwell,1
Linda Castillo,1
Lloyd C. Douglas,1
Eve Ensler,1
Laura C. Schlessinger,1
Fábio Moon,1
Brit Bennett,1
Maxine Hong Kingston,1
Christopher Isherwood,1
Joseph Fink,1
Julie   Murphy,1
Susan Mallery,1
Farley Mowat,1
Sylvain Neuvel,1
Olivia Goldsmith,1
Yōko Ogawa,1
Niall Ferguson,1
Denise Kiernan,1
Mark Dunn,1
Paul Tremblay,1
Cooks Illustrated Magazine,1
Allan Pease,1
Matthew Norman,1
Donny Dhirgantoro,1
Kelly Creagh,1
Sadegh Hedayat,1
Melinda Haynes,1
Fisher Amelie,1
Becky  Chambers,1
Jill Bolte Taylor,1
Iain Pears,1
PeachPit,1
Verna Aardema,1
Neil Shubin,1
Bob Ong,1
Loung Ung,1
Betty Mahmoody,1
Joseph Kesselring,1
Darcie Chan,1
Jon Lee Anderson,1
Rita WilliamsGarcia,1
Jason F. Wright,1
Blue Balliett,1
Chuck Wendig,1
Kay Thompson,1
Nathanael West,1
Keri Arthur,1
John Darnielle,1
Iris Chang,1
Jerry A. Coyne,1
Jen Sincero,1
Safiy alRahman alMubarakfuri,1
Paulo Freire,1
Sarah McCoy,1
Greg McKeown,1
Lisa Renee Jones,1
Dorothy Kunhardt,1
Dian Fossey,1
Jeffery Hudson,1
Adelle Waldman,1
Thomas Piketty,1
Marlon James,1
Michael A. Singer,1
Craig Silvey,1
Sarah Rees Brennan,1
Bryan Konietzko,1
Margaret Sidney,1
Barbara Cooney,1
Jim Bouton,1
Carlos Fuentes,1
Kelly Elliott,1
Julie Klassen,1
Michelle A. Valentine,1
Ridley Pearson,1
Paul Murray,1
Jessica Shirvington,1
Dorothy Koomson,1
John Keats,1
Khushwant Singh,1
Andrew Loomis,1
Jack Ketchum,1
Natsuo Kirino,1
Sara Pennypacker,1
Hope Jahren,1
Patricia Gaffney,1
Emmy Laybourne,1
Teri Terry,1
Pramoedya Ananta Toer,1
Jinsei Kataoka,1
David Farland,1
Cassie Dandridge Selleck,1
John Steakley,1
Jim Benton,1
Liz Murray,1
John Gribbin,1
F. Paul Wilson,1
Hans Fallada,1
Alwyn Hamilton,1
Eiji Yoshikawa,1
Evan Wright,1
Corban Addison,1
Philippa Pearce,1
Michael Dorris,1
Leslye Walton,1
Anna Lee Waldo,1
Gemma Malley,1
Stephen E. Robinson,1
Lori Brighton,1
J. Michael Straczynski,1
John Foxe,1
Seanan McGuire,1
Françoise Sagan,1
Robert Lynn Asprin,1
Lurlene McDaniel,1
Sandy   Hall,1
John Verdon,1
James L. Ferrell,1
Peter H. Reynolds,1
محمد عبد الرحمن العريفي,1
Matthew      Lewis,1
Jim Cymbala,1
Megan Shepherd,1
Kathleen Winsor,1
Amin Maalouf,1
NoViolet Bulawayo,1
Scott Cunningham,1
Cath Crowley,1
James Alexander Thom,1
Cristin Terrill,1
Kimberly Rae Miller,1
John  Stephens,1
Gloria Steinem,1
Doug Stanton,1
Yuna Kagesaki,1
Patricia Polacco,1
Tiffany Reisz,1
William  Kennedy,1
Liz Moore,1
Lloyd Jones,1
Elizabeth Haydon,1
Rhys Bowen,1
G.P. Ching,1
Zoë Heller,1
Scott Belsky,1
Hannah Harrington,1
M.J. Arlidge,1
Adele Faber,1
Joseph Stein,1
Sydney Taylor,1
Jane Harper,1
Steven Hall,1
Andrew Solomon,1
Barbara Park,1
Maud Hart Lovelace,1
James  Jones,1
Gerda Weissmann Klein,1
Nando Parrado,1
Kimberly Brubaker Bradley,1
Joanna Weaver,1
Cathy Glass,1
Donald A. Norman,1
Robin Oliveira,1
Brian Lumley,1
Truddi Chase,1
Robison Wells,1
Amy Efaw,1
Mhairi McFarlane,1
Kevin D. Mitnick,1
Julianna Baggott,1
Diane Duane,1
Dylan Thomas,1
Robert Graysmith,1
Graeme Base,1
Leslie Feinberg,1
Dean Karnazes,1
Alexandra Potter,1
Rajaa Alsanea,1
Ha Jin,1
LinManuel Miranda,1
Jay McLean,1
Caroline Alexander,1
Michael Moorcock,1
Annie Dillard,1
Daron Acemoğlu,1
Kathryn Lasky,1
Gary Taubes,1
John M. Barry,1
Paul Hattaway,1
Kentaro Yabuki,1
E.D. Baker,1
Reginald Rose,1
Tori Spelling,1
Julia Scheeres,1
Angela Marsons,1
Jerry Pinkney,1
Langston Hughes,1
QuinRose,1
Judith Guest,1
Jerome Lawrence,1
William Pène du Bois,1
Nicholas Carr,1
Dorothy Gilman,1
Christiane F.,1
John             Lewis,1
Hugh Laurie,1
R.K. Narayan,1
Mark Manson,1
James Grady,1
Martin Luther King Jr.,1
Tony Hawks,1
Mineko Iwasaki,1
Howard E. Wasdin,1
Gordon B. Hinckley,1
Helena Hunting,1
John Galsworthy,1
Firoozeh Dumas,1
Friedrich A. Hayek,1
Kim Holden,1
Mike Mullin,1
Michael Thomas Ford,1
Laurie Notaro,1
Gary Jennings,1
Charlie Jane Anders,1
Jean Ferris,1
J.J. Abrams,1
Heather ONeill,1
Richard A. Knaak,1
Carolyn  Parkhurst,1
Ina May Gaskin,1
Katherine Allred,1
Dale Brown,1
Rachel Maddow,1
Stephanie Dray,1
Cynthia Kadohata,1
Preeti Shenoy,1
Steven Naifeh,1
Gavin de Becker,1
Gary Vaynerchuk,1
John Gardner,1
W.E.B. Du Bois,1
John Fante,1
Rick Bragg,1
Stephen Coonts,1
Aristophanes,1
Eugene B. Sledge,1
Karma Wilson,1
منى المرشود,1
Hannah  Green,1
Per Petterson,1
Marguerite Duras,1
Stephanie Danler,1
Edward Bloor,1
Bryan Burrough,1
David Fishelson,1
Rysa Walker,1
Catherynne M. Valente,1
Doug Moench,1
Diana L. Paxson,1
Josh McDowell,1
Sally Green,1
Rita Mae Brown,1
Marianne Williamson,1
Charles Portis,1
Susan  Jeffers,1
Matthew Dicks,1
Susan Crandall,1
Monica Ali,1
Nikos Kazantzakis,1
Sherwood Anderson,1
William H. Armstrong,1
Lawrence M. Krauss,1
Slash,1
Rachel Carson,1
Nadia Hashimi,1
Martha Stout,1
Henry Fielding,1
Chris Pavone,1
Kevin Powers,1
Gerald Durrell,1
Christos Tsiolkas,1
Rachel Hauck,1
Stephen C. Lundin,1
Philip José Farmer,1
Mark Helprin,1
Michael Blake,1
Ellis Peters,1
Dmitry Glukhovsky,1
Robert Henri,1
Emily Snow,1
Myla Goldberg,1
Ram Dass,1
Heidi McLaughlin,1
James M. McPherson,1
Rob Buyea,1
Beth Fantaskey,1
Caitlin Doughty,1
Alexandre Dumas fils,1
Eric Berne,1
Rebecca Housel,1
Hester Browne,1
Claire LaZebnik,1
Richard Condon,1
Shane Claiborne,1
Tim Burton,1
Edwidge Danticat,1
LouisFerdinand Céline,1
Adam Smith,1
Beryl Markham,1
Steven Galloway,1
Betty White,1
James Surowiecki,1
Marilyn Manson,1
BookRags,1
Nicholas Meyer,1
Rien Poortvliet,1
Cherie Priest,1
Neil Patrick Harris,1
Rachel Kushner,1
Meg Rosoff,1
Vikas Swarup,1
Elizabeth Kolbert,1
Ben Fountain,1
James L. Swanson,1
Ildefonso Falcones,1
G. Norman Lippert,1
Brother Andrew,1
Malika Oufkir,1
Alan Lightman,1
Kim Carpenter,1
Jenő Barcsay,1
Jean Sasson,1
Joseph Murphy,1
Esther Forbes,1
Ernesto Che Guevara,1
Stefan Zweig,1
Andrew Williamson,1
Paul Harding,1
Courtney Cole,1
Katherine Neville,1
Kurt Busiek,1
Suzanne Young,1
Philipp Meyer,1
Bryn Greenwood,1
Laura Schroff,1
Rhoda Janzen,1
Andy Goldsworthy,1
Jean Webster,1
Nikki Sixx,1
Edith Pattou,1
James Bowen,1
Eric    Weiner,1
Tracy Brogan,1
Richard J. Foster,1
Muriel Spark,1
Mariko Tamaki,1
Sally Bedell Smith,1
Arkady Strugatsky,1
Amanda Palmer,1
Sean Covey,1
Stephen Greenblatt,1
Norman Doidge,1
Barry Lyga,1
J. Ryan Stradal,1
Koren Zailckas,1
Clarissa Pinkola Estés,1
Adolf Hitler,1
Thanhha Lai,1
Viet Thanh Nguyen,1
Wes  Moore,1
Ariana Franklin,1
Ruth Stiles Gannett,1
Jay McInerney,1
Giovanni Boccaccio,1
Lilian Jackson Braun,1
Nyrae Dawn,1
Annette Curtis Klause,1
Patricia Reilly Giff,1
Kathleen Kent,1
Katie J. Davis,1
Mary OHara,1
Wallace D. Wattles,1
A. Manette Ansay,1
Cupcake Brown,1
Kate Douglas Wiggin,1
S.C. Gwynne,1
Noel Streatfeild,1
Harry GregsonWilliams,1
Sara Raasch,1
Mary Pipher,1
Cece Bell,1
Charles R. Cross,1
Thucydides,1
John Hart,1
Drew Daywalt,1
Grace Lin,1
Arthur Ransome,1
S.K. Tremayne,1
Ted Kerasote,1
Arthur Koestler,1
Jaci Burton,1
Elizabeth Flock,1
Malinda Lo,1
Carolyn Mackler,1
Camron Wright,1
Dallas Hartwig,1
Elizabeth Chandler,1
Thomas S. Kuhn,1
Kwame Alexander,1
Alan Hollinghurst,1
Peter F. Drucker,1
Kieron Gillen,1
Tetsuko Kuroyanagi,1
Roger Lowenstein,1
Natalie Goldberg,1
Andrea Levy,1
Catherine Gilbert Murdock,1
Michael Moss,1
Lucy Grealy,1
Kim Gordon,1
D.C. Talk,1
Brunonia Barry,1
Anchee Min,1
George MacDonald,1
Simone de Beauvoir,1
H.W. Brands,1
Kingsley Amis,1
John Joseph Adams,1
Li Cunxin,1
ياسر حارب,1
Gilles Néret,1
Malcolm Lowry,1
Kate Beaton,1
Ann Packer,1
Sogyal Rinpoche,1
Julietta Suzuki,1
Aron Ralston,1
Sheila Turnage,1
خالد الخميسي,1
Robert Descharnes,1
Laura Dave,1
Lori Lansens,1
Wiley Cash,1
Norman Maclean,1
María Dueñas,1
Deborah Blum,1
Sally   Thorne,1
Avery Monsen,1
Julia Heaberlin,1
Penny Reid,1
Amy Tintera,1
Paula Brackston,1
Katarina Bivald,1
Heather Dixon,1
Willy Lindwer,1
Tony Horwitz,1
Deborah Guarino,1
Henryk Sienkiewicz,1
Charlotte Rogan,1
Johnny Cash,1
Isak Dinesen,1
Marieke Nijkamp,1
Kristen Simmons,1
Randy Shilts,1
Jordan Sonnenblick,1
John Banville,1
L.E. Modesitt Jr.,1
George R. Stewart,1
Thea Harrison,1
Diane Mowat,1
Jerry Bridges,1
Nathan  Hill,1
J. Sheridan Le Fanu,1
Craig Ferguson,1
Jasmine Warga,1
Simon Schama,1
Angela Carter,1
Walker Percy,1
Ed Brubaker,1
Russell Brand,1
Simon Garfield,1
John Katzenbach,1
Kevin    Wilson,1
Chris Gardner,1
Karl Ove Knausgård,1
Tobias Wolff,1
Jessica Anthony,1
Kazune Kawahara,1
David D. Burns,1
Ivan Goncharov,1
Po Bronson,1
Chris Ware,1
Phil Klay,1
Robert Kurson,1
Elissa Wall,1
Charles M. Sheldon,1
Sabahattin Ali,1
Zilpha Keatley Snyder,1
Edward Eager,1
Helene Hanff,1
Anna Kendrick,1
Jim Starlin,1
James E. Talmage,1
Don Ferguson,1
Joni Eareckson Tada,1
Shakti Gawain,1
Anya Seton,1
Marina Lewycka,1
Harold G. Moore,1
Barbara W. Tuchman,1
Neil Strauss,1
Kathryn Erskine,1
أحمد حلمي,1
Clare Vanderpool,1
Rachel Simon,1
Kerrelyn Sparks,1
Joe McGinniss,1
Ozzy Osbourne,1
Bill Clegg,1
Elisabeth KüblerRoss,1
Jesmyn Ward,1
Jacqueline Kelly,1
Katie Alender,1
David Mazzucchelli,1
Sudhir Venkatesh,1
Mira Lyn Kelly,1
Elizabeth George,1
Rudolfo Anaya,1
Ken Grimwood,1
David Eagleman,1
Neil deGrasse Tyson,1
Paul Zindel,1
Lincoln Child,1
Marjorie Kinnan Rawlings,1
Courtney Allison Moulton,1
Chris Grabenstein,1
Habiburrahman ElShirazy,1
Katherine Hannigan,1
Aldo Leopold,1
Eric Knight,1
T. Colin Campbell,1
Julia Donaldson,1
Sui Ishida,1
Cressida Cowell,1
Paul Bowles,1
Daniel Woodrell,1
Jessica Seinfeld,1
Philip Gourevitch,1
Jonathan Cahn,1
Julio Cortázar,1
Eric Clapton,1
Ted Chiang,1
John Keegan,1
