authors,average_rating
Bill Watterson,4.703076923076923
Hafez,4.63
James E. Talmage,4.63
Eiichiro Oda,4.63
Angie Thomas,4.62
Alisa Kwitney,4.61
John   Williams,4.61
Gordon B. Hinckley,4.61
Jude Fisher,4.59
BookRags,4.59
Bryan Stevenson,4.58
Safiy alRahman alMubarakfuri,4.57
Bob McCabe,4.56
Andrew Williamson,4.55
Sarah  Young,4.54
The Church of Jesus Christ of Latterday Saints,4.535
Randy Alcorn,4.53
Eric Blehm,4.53
Chris   Smith,4.53
Angela Elwell Hunt,4.52
Michael Dante DiMartino,4.52
Patricia Polacco,4.52
Stephen E. Robinson,4.51
Brandon Stanton,4.5
Hiromu Arakawa,4.49
Don Ferguson,4.49
Trevor Noah,4.49
Malvina G. Vogel,4.49
Michelle Alexander,4.49
Sabahattin Ali,4.49
Founding Fathers,4.49
Christopher Yost,4.484999999999999
Harold McGee,4.48
Assata Shakur,4.48
Chuck Dixon,4.48
Charles M. Schulz,4.48
Brian Sibley,4.48
Matthew Desmond,4.48
Perry    Moore,4.48
Jorge Luis Borges,4.475
Roberto AguirreSacasa,4.475
Justine Korman Fontes,4.470000000000001
LinManuel Miranda,4.47
Eric Wilson,4.47
Julia Donaldson,4.47
Sister Souljah,4.47
Hajime Isayama,4.47
Andrew Stanton,4.47
Hiro Fujiwara,4.465
Yana Toboso,4.46
Ellen Levine,4.46
Masashi Kishimoto,4.46
Phil Knight,4.46
Lambert M. Surhone,4.46
K. Bromberg,4.46
Sarah J. Maas,4.453076923076923
Beth Moore,4.45
Kathryn Stockett,4.45
David Baggett,4.45
Michelle Rowen,4.45
Barbara Cooney,4.45
Jon Stone,4.45
Corrie ten Boom,4.445
Brynne Stephens,4.44
Robert Kapilow,4.44
Lawrence Hill,4.44
Jalaluddin Rumi,4.44
Hervé Tullet,4.44
Max Lucado,4.4399999999999995
Kate Egan,4.4366666666666665
Gary Larson,4.4350000000000005
Art Spiegelman,4.43
Stephen              Jones,4.43
Bryan J.L. Glass,4.43
صلاح جاهين,4.43
Immaculée Ilibagiza,4.43
Eiji Yoshikawa,4.43
Kimberly Brubaker Bradley,4.43
Sui Ishida,4.43
Ilya Ilf,4.42
Kazue Kato,4.42
Alex Haley,4.42
Eiichirō Oda,4.42
Ina May Gaskin,4.42
Barbara Demick,4.42
Akira Toriyama,4.42
Kim Holden,4.42
Chris Colfer,4.413333333333333
Audrey Penn,4.41
James L. Ferrell,4.41
Yaa Gyasi,4.41
Eric Litwin,4.41
Robert Coles,4.41
Drew Daywalt,4.41
Yuval Noah Harari,4.41
Bryan Konietzko,4.41
Pierce Brown,4.406666666666666
Katie J. Davis,4.4
William S. BaringGould,4.4
Emily Seife,4.4
TaNehisi Coates,4.4
Eugene B. Sledge,4.4
Richard Lancelyn Green,4.4
Hiro Mashima,4.4
Adrian Conan Doyle,4.4
HaveYouSeenThisGirL,4.4
J.K. Rowling,4.399
Pablo Neruda,4.390000000000001
Ellen Titlebaum,4.39
Patty Lovell,4.39
Bernadette RossettiShustak,4.39
Oswald Chambers,4.39
Rebecca Housel,4.39
Bill Browder,4.39
A.A. Milne,4.386666666666667
Atsushi Ohkubo,4.385
Teddy Slater,4.380000000000001
David Simon,4.38
Crissy Calhoun,4.38
Natsuki Takaya,4.38
The Beatles,4.38
Julietta Suzuki,4.38
Henri J.M. Nouwen,4.38
Nancy Reagin,4.38
W. Bruce Cameron,4.38
A.W. Tozer,4.375
Stephen Kendrick,4.37
Pramoedya Ananta Toer,4.37
Randy Shilts,4.37
John Joseph Adams,4.37
Rainer Maria Rilke,4.37
Kentaro Miura,4.37
Spencer W. Kimball,4.37
Dee Henderson,4.37
R.J. Palacio,4.369999999999999
Karen Kingsbury,4.369
Quinn Loftis,4.3625
Annette Pollert,4.36
Sam McBratney,4.36
Connor Franta,4.36
Clement C. Moore,4.36
Katsuhiro Otomo,4.36
José Mauro de Vasconcelos,4.36
Robert A. Caro,4.36
Gosho Aoyama,4.36
Alfred Lansing,4.36
Jonathan Renshaw,4.36
Tsugumi Ohba,4.359999999999999
Yoshihiro Togashi,4.359999999999999
Susan Abulhawa,4.35
Nancy Tillman,4.35
Derek Landy,4.35
Hidekaz Himaruya,4.35
Munro Leaf,4.35
R.C. Sproul,4.35
Harold Bloom,4.35
Noah Gordon,4.35
Nancy E. Turner,4.35
Terri Blackstock,4.35
James Herriot,4.3475
Patrick Rothfuss,4.346666666666667
Darynda Jones,4.345714285714286
Stormie Omartian,4.345
Kim Harrison,4.343076923076923
Robin Furth,4.34
Marcus Luttrell,4.34
Rob Buyea,4.34
Bryce Courtenay,4.34
Ramachandra Guha,4.34
Thomas Keneally,4.34
Kiyohiko Azuma,4.34
Richard Wurmbrand,4.34
Willy Lindwer,4.34
Benjamin Alire Sáenz,4.34
Katja Millay,4.34
Ilona Andrews,4.336428571428572
Erin Hunter,4.335999999999999
Kristen Ashley,4.335925925925927
Anthony  Ryan,4.33
Joyce Meyer,4.33
Nobuhiro Watsuki,4.33
John             Lewis,4.33
Paul Hattaway,4.33
C.S. Pacat,4.33
Blanche Fisher Wright,4.33
Robert Munsch,4.33
Tom Sniegoski,4.33
Richard Siken,4.33
Viktor E. Frankl,4.33
Sabaa Tahir,4.33
Shaun Tan,4.33
Rachel Renée Russell,4.328333333333333
Mark Cotta Vaz,4.327500000000001
George R.R. Martin,4.323333333333333
Herman Wouk,4.323333333333333
Sharon Kay Penman,4.323333333333333
Jeff Smith,4.3225
Shel Silverstein,4.321666666666666
A.L. Singer,4.32
James M. McPherson,4.32
Sheldon Vanauken,4.32
John Steptoe,4.32
Paul Kalanithi,4.32
Michael Teitelbaum,4.32
Langston Hughes,4.32
Tyler Hamilton,4.32
Dietrich Bonhoeffer,4.32
Daniel James Brown,4.32
Adam Makos,4.32
Brother Lawrence,4.32
Harry GregsonWilliams,4.32
Henry T. Blackaby,4.32
Yotam Ottolenghi,4.32
Brother Andrew,4.32
Richard Rhodes,4.32
Joel C. Rosenberg,4.32
Christiane Northrup,4.32
John Flanagan,4.317142857142857
Kresley Cole,4.31625
Jim Butcher,4.3152
David James Duncan,4.3149999999999995
T.M. Frazier,4.3149999999999995
Michael J. Sullivan,4.3116666666666665
J.D. Robb,4.310975609756097
Amy Harmon,4.3100000000000005
Jon Klassen,4.3100000000000005
Don    Wood,4.31
Martin Luther King Jr.,4.31
Nelson Mandela,4.31
Tite Kubo,4.31
Don Richardson,4.31
Isabel Wilkerson,4.31
Melissa Müller,4.31
Nicholas D. Kristof,4.31
Andrew Hunt,4.31
Martha Hall Kelly,4.31
Lao Tzu,4.31
J.I. Packer,4.31
Anthony Doerr,4.31
Caroline Alexander,4.31
Americas Test Kitchen,4.31
Fábio Moon,4.31
Brandon Sanderson,4.309090909090909
Raymond Carver,4.3075
Kazu Kibuishi,4.3075
Cassandra Clare,4.306666666666667
Brent Weeks,4.305555555555555
Radwa Ashour,4.305
Andrzej Sapkowski,4.304285714285714
S.C. Stephens,4.303333333333334
Vince Flynn,4.303333333333333
Laura Hillenbrand,4.300000000000001
Robert McCammon,4.300000000000001
Michael Shaara,4.3
C.C. Hunter,4.3
Elie Wiesel,4.3
Barbara Shook Hazen,4.3
Claudia Rankine,4.3
Douglas R. Hofstadter,4.3
Philip Gourevitch,4.3
Tetsuko Kuroyanagi,4.3
Tyler Oakley,4.3
Katherine Allred,4.3
Hannah Hurnard,4.3
Steven Erikson,4.299
Rick Riordan,4.297407407407407
Warren Ellis,4.297142857142857
E.E. Cummings,4.296666666666667
Harry Allard,4.295
Pema Chödrön,4.295
Lynda Mullaly Hunt,4.295
Rebecca Donovan,4.293333333333334
Colleen Houck,4.2925
Bisco Hatori,4.291666666666667
Bev Vincent,4.29
Siddhartha Mukherjee,4.29
Elizabeth George,4.29
Malcolm X,4.29
James Allen,4.29
George C. Perry,4.29
Herman Parish,4.29
Richard P. Feynman,4.29
Margery Williams Bianco,4.29
Marianne Williamson,4.29
Harold G. Moore,4.29
Patrick OBrian,4.29
Loung Ung,4.29
Brian  McClellan,4.286666666666666
Walt Disney Company,4.286666666666666
Anne Bishop,4.285714285714286
Jennifer L. Armentrout,4.285555555555556
Amy A. Bartol,4.285
Mo Willems,4.285
Naoko Takeuchi,4.285
Don Freeman,4.285
Patricia Briggs,4.284999999999999
Anonymous,4.283846153846154
Gerald N. Lund,4.283333333333333
Garth Ennis,4.283333333333333
Robert Kirkman,4.2804761904761905
Graeme Base,4.28
Margaret Mitchell,4.28
Lynley Dodd,4.28
Jerry Bridges,4.28
Ann McGovern,4.28
Stefan Zweig,4.28
Antoine de SaintExupéry,4.28
Giles Andreae,4.28
Anne Sexton,4.28
John  Williams,4.28
Abraham Verghese,4.28
Raymond Briggs,4.28
Steve Coll,4.28
Leah Wilson,4.28
Marie Simchow Stern Masha,4.28
Gerda Weissmann Klein,4.28
Michelle Magorian,4.28
Primo Levi,4.28
Kohta Hirano,4.28
Patricia M. Scarry,4.28
Ronald H. Balson,4.28
Dale Wasserman,4.28
David Benioff,4.28
Antony Beevor,4.279999999999999
Lettie B. Cowman,4.279999999999999
R.K. Lilley,4.2780000000000005
J.R. Ward,4.277619047619048
Laurelin Paige,4.2775
Sharon M. Draper,4.276666666666666
Else Holmelund Minarik,4.276666666666666
Leigh Bardugo,4.276
Conn Iggulden,4.275714285714286
Cornelius Ryan,4.275
Anna Dewdney,4.275
Arnold Lobel,4.274
Tony Kushner,4.273333333333333
Ellen Hopkins,4.271111111111111
Amie Kaufman,4.27
Benjamin Graham,4.27
Amanda     Berry,4.27
Hanya Yanagihara,4.27
Michael A. Singer,4.27
Kate Beaton,4.27
John Cheever,4.27
Stephen E. Ambrose,4.27
Gerald Durrell,4.27
Diane Muldrow,4.27
Masaru Emoto,4.27
Ram Dass,4.27
Barbara Ann Brennan,4.27
Madeline Miller,4.27
Joseph Campbell,4.27
Ntozake Shange,4.27
Ted Chiang,4.27
Audrey Wood,4.27
Rupi Kaur,4.27
Victoria Jamieson,4.27
Leslie Feinberg,4.27
Robert Graves,4.27
Christopher McDougall,4.27
P.G. Wodehouse,4.268
Francine Rivers,4.267333333333334
Julia Child,4.266666666666667
Beatrix Potter,4.266
Gail McHugh,4.265000000000001
Elisabeth Elliot,4.265000000000001
Dave Ramsey,4.263333333333333
Bryan Lee OMalley,4.2628571428571425
Richelle Mead,4.261363636363637
Larissa Ione,4.260000000000001
Miep Gies,4.26
Robert Kurson,4.26
Dave Cullen,4.26
Gregory David Roberts,4.26
Andy Weir,4.26
Alan       Lee,4.26
Joanna Cole,4.26
Charles Baudelaire,4.26
Chris Claremont,4.26
Adam Mansbach,4.26
Becky Albertalli,4.26
Stephen Hunter,4.26
Elaine N. Aron,4.26
Peter H. Reynolds,4.26
Andrew Solomon,4.26
Yoshiki Nakamura,4.26
Chimamanda Ngozi Adichie,4.26
Marcella Hazan,4.26
Elizabeth Ross,4.26
Jeaniene Frost,4.259090909090909
Timothy J. Keller,4.258
J.R.R. Tolkien,4.257777777777778
Mariana Zapata,4.2575
Paullina Simons,4.256666666666667
Madeline Sheehan,4.256666666666667
Ruta Sepetys,4.256666666666667
Judith McNaught,4.25625
Mia Sheridan,4.255
Julianne Donaldson,4.255
Kyousuke Motomi,4.255
Scott Lynch,4.253333333333334
Wendy Higgins,4.253333333333333
Sherrilyn Kenyon,4.2532
Randy Pausch,4.25
Janet Briggs,4.25
Michael J. Sandel,4.25
Philip C. Stead,4.25
John Foxe,4.25
Alex Kotlowitz,4.25
William Arntz,4.25
Mélanie Watt,4.25
Jodi Ellen Malpas,4.25
V.S. Ramachandran,4.25
Paulo Freire,4.25
Conor Grennan,4.25
Zig Ziglar,4.25
Bob Goff,4.25
Jordan Sonnenblick,4.25
Robert Frost,4.25
سعود السنعوسي,4.25
Brian K. Vaughan,4.25
W.B. Yeats,4.25
Rick Atkinson,4.25
L.J. Shen,4.25
Karl Marlantes,4.25
Betty Crocker,4.25
LouisFerdinand Céline,4.25
Annie North Bedford,4.25
Marissa Meyer,4.25
Fisher Amelie,4.25
Frank Bettger,4.25
Doug Stanton,4.25
Karma Wilson,4.25
Evan Wright,4.25
Linda Williams,4.25
Dean Hughes,4.25
Tedd Arnold,4.25
Julio Cortázar,4.25
Ted Andrews,4.25
Jan Karon,4.248333333333334
Ina Garten,4.248333333333334
Aurora Rose Reynolds,4.2475000000000005
Stieg Larsson,4.2475000000000005
Carl Sagan,4.245
Jon Scieszka,4.245
Virginia Lee Burton,4.245
Thich Nhat Hanh,4.243333333333333
Arthur Conan Doyle,4.243333333333333
Aleatha Romig,4.243333333333333
Ludwig Bemelmans,4.243333333333333
Christine Feehan,4.243
Jacqueline Carey,4.241666666666666
Karen Marie Moning,4.240666666666667
Katherine Applegate,4.24
W.E.B. Du Bois,4.24
Brittainy C. Cherry,4.24
Andrew  Peterson,4.24
John Keats,4.24
Alfred Uhry,4.24
Aldo Leopold,4.24
Ed Catmull,4.24
Steve Krug,4.24
Crockett Johnson,4.24
Gene Kim,4.24
Władysław Szpilman,4.24
Billy Collins,4.24
Michael Herr,4.24
Adele Faber,4.24
Grace Lin,4.24
Laila Ibrahim,4.24
Robert Harling,4.24
Gina Mayer,4.24
غسان كنفاني,4.24
Betty  Smith,4.24
Avery Monsen,4.24
Miklós Nyiszli,4.24
Jim Cymbala,4.24
Louise L. Hay,4.24
Laurence Rees,4.24
Dick Winters,4.24
Sally   Thorne,4.24
Janet Ahlberg,4.24
Koushun Takami,4.24
Kristen Proby,4.2379999999999995
James Clavell,4.2375
Katy Evans,4.2375
Michael Buckley,4.2371428571428575
Lincoln Peirce,4.236666666666667
Nalini Singh,4.236666666666667
Bernard Cornwell,4.235
Steven Pressfield,4.235
Machado de Assis,4.235
Meredith Wild,4.234999999999999
Cinda Williams Chima,4.234285714285714
Kevin Hearne,4.23375
Joanna Wylde,4.233333333333333
Richard Feynman,4.233333333333333
Margret Rey,4.233333333333333
Elena Ferrante,4.2325
Scott Snyder,4.232
Diana Gabaldon,4.231538461538461
Gena Showalter,4.230833333333334
Anna Lee Waldo,4.23
Shunryu Suzuki,4.23
Wayne A. Grudem,4.23
Caralyn Buehner,4.23
Eric Metaxas,4.23
Adrian Nicole LeBlanc,4.23
Kyle Idleman,4.23
Charles Martin,4.23
Lindy West,4.23
Sydney Taylor,4.23
Camron Wright,4.23
Jonathan Kozol,4.23
William Zinsser,4.23
Karuho Shiina,4.23
Tachibana Higuchi,4.23
K.A. Tucker,4.23
George S. Clason,4.23
Brennan Manning,4.23
Joni Eareckson Tada,4.23
Johanna Lindsey,4.23
Dick Riley,4.23
Jung Chang,4.23
Mikhail Bulgakov,4.23
Greg Pak,4.23
Judith Kerr,4.23
Michael Ende,4.23
Henri Charrière,4.23
Tammy Falkner,4.23
Terry Hayes,4.23
Jerry Pinkney,4.23
Marcia Brown,4.23
Alan W. Watts,4.23
Sally Fallon Morell,4.23
Sam Smith,4.23
Matsuri Hino,4.2299999999999995
Kevin Henkes,4.228
Tijan,4.2275
Jennifer A. Nielsen,4.226666666666667
Stephen Briggs,4.225
Jacob Grimm,4.225
Markus Zusak,4.225
Lara Adrian,4.224
Shelly Crane,4.224
Peggy Parish,4.223333333333334
Gene Luen Yang,4.221666666666667
James S.A. Corey,4.221666666666667
Suzanne Collins,4.220000000000001
Gary Chapman,4.220000000000001
Alessandra Torre,4.220000000000001
Norton Juster,4.22
Judith Viorst,4.22
Henry Hazlitt,4.22
Henry Marsh,4.22
Peter V. Brett,4.22
Doris Kearns Goodwin,4.22
Donna VanLiere,4.22
Marc Guggenheim,4.22
Paramahansa Yogananda,4.22
Kwame Alexander,4.22
Kristin Levine,4.22
Noam Chomsky,4.22
Janell Cannon,4.22
Elyn R. Saks,4.22
Daniel Suarez,4.22
Irin Carmon,4.22
Joseph Boyden,4.22
James     Baldwin,4.22
Bob Grant,4.22
Shauna Niequist,4.22
Sogyal Rinpoche,4.22
Al Perkins,4.22
Bryan Burrough,4.22
Ronald C. White Jr.,4.22
Ronald Holt,4.22
Rusty Young,4.22
Stephanie Dray,4.22
Tomie dePaola,4.22
Aya Nakahara,4.22
Brandon Mull,4.2188888888888885
Mercer Mayer,4.218
H.A. Rey,4.216666666666667
V.E. Schwab,4.216666666666667
Irvin D. Yalom,4.216666666666666
Tarryn Fisher,4.215999999999999
Wallace Stegner,4.215
Colleen Hoover,4.21375
Simon Singh,4.213333333333334
Drew Karpyshyn,4.213333333333334
Louise Penny,4.2124999999999995
Laura Joffe Numeroff,4.211428571428572
Kurt Busiek,4.21
Nicky Cruz,4.21
Michael Bond,4.21
James Alexander Thom,4.21
Ken Kesey,4.21
Tara Sivec,4.21
N.H. Kleinbaum,4.21
مصطفى إبراهيم,4.21
Omar Tyree,4.21
Khaled Hosseini,4.21
William  Gibson,4.21
Eric Jerome Dickey,4.21
Katsura Hoshino,4.21
David Gemmell,4.21
Nando Parrado,4.21
Atul Gawande,4.21
Robert Muchamore,4.21
Stephen Chbosky,4.21
Ed Emberley,4.21
Margaret George,4.21
Alton Brown,4.21
Julie Kibler,4.21
Marian Potter,4.21
Ben Carson,4.21
T. Colin Campbell,4.21
Kathleen Grissom,4.21
Ron Hall,4.21
Hans Fallada,4.21
Harper Sloan,4.21
Arlene Mosel,4.21
QuinRose,4.21
Chris Ryall,4.21
Dee Brown,4.21
Wayne W. Dyer,4.21
Arkady Strugatsky,4.21
J.M. Darhower,4.21
محمد عبد الرحمن العريفي,4.21
T.S. Eliot,4.208
Astrid Lindgren,4.2075
Flannery OConnor,4.2075
Rachel Caine,4.207142857142857
C.J. Roberts,4.206666666666667
Raina Telgemeier,4.206666666666667
Peter F. Hamilton,4.206666666666667
Rumiko Takahashi,4.205
Margaret Wise Brown,4.205
Janette Oke,4.205
Samantha Young,4.204
Trenton Lee Stewart,4.203333333333333
Philip Yancey,4.203333333333333
H.P. Lovecraft,4.2025
Cooks Illustrated Magazine,4.2
D.C. Talk,4.2
Norman Doidge,4.2
Devdutt Pattanaik,4.2
Ben Horowitz,4.2
Maxwell Maltz,4.2
ÉricEmmanuel Schmitt,4.2
Rose Levy Beranbaum,4.2
R.K. Narayan,4.2
David Wilkerson,4.2
David Wiesner,4.2
Walter Moers,4.2
Michael Azerrad,4.2
Tracy Letts,4.2
Bob Ong,4.2
Kay Thompson,4.2
Joe Simpson,4.2
Joe Sacco,4.2
Brené Brown,4.2
Vera B. Williams,4.2
Morris Gleitzman,4.2
Erich Maria Remarque,4.2
Cynthia Rylant,4.2
Catherine Hardwicke,4.2
Jinsei Kataoka,4.2
Joseph Stein,4.2
Amanda Lindhout,4.2
M.M. Kaye,4.2
Marcus Aurelius,4.2
Tamara Ireland Stone,4.2
Audre Lorde,4.2
Jun Mochizuki,4.2
Sara Donati,4.2
Pam Adams,4.2
Alyson Richman,4.2
Ayaan Hirsi Ali,4.2
Juliet Marillier,4.2
Cathy Glass,4.2
Amin Maalouf,4.2
Margaret Edson,4.2
Dylan Thomas,4.2
Lloyd C. Douglas,4.2
Kurtis J. Wiebe,4.2
Catherine Marshall,4.2
Manning Marable,4.2
Lois McMaster Bujold,4.199
Julie Garwood,4.198181818181818
Leon Uris,4.198
Alexandra Bracken,4.1975
Mercedes Lackey,4.197142857142857
Jeff Kinney,4.196923076923077
Russell Hoban,4.196666666666666
Tamora Pierce,4.196538461538461
CLAMP,4.196
Bill Martin Jr.,4.195
Patricia C. Wrede,4.195
Paul O. Zelinsky,4.195
Meca Tanaka,4.195
Renee Ahdieh,4.195
Heather Brewer,4.194
J. Kenner,4.193333333333333
Naguib Mahfouz,4.1933333333333325
Elle Kennedy,4.1925
Henry Cloud,4.19
Larry McMurtry,4.19
Elizabeth Bishop,4.19
Mario Benedetti,4.19
Helene Hanff,4.19
David J. Schwartz,4.19
Michael Blake,4.19
Garth Stein,4.19
David Mazzucchelli,4.19
Sherwood Smith,4.19
Julie Orringer,4.19
Betty MacDonald,4.19
William Strunk Jr.,4.19
Farley Mowat,4.19
Martin Waddell,4.19
A.P.J. Abdul Kalam,4.19
Gavin de Becker,4.19
Thomas à Kempis,4.19
Josh McDowell,4.19
Gary Jennings,4.19
Liz Murray,4.19
Esther Earl,4.19
Esther Hicks,4.19
Og Mandino,4.19
Randall Wallace,4.19
Keri Smith,4.19
Georgia Cates,4.1899999999999995
Leo Lionni,4.1899999999999995
Liu Cixin,4.1899999999999995
Joe Hill,4.1872727272727275
Jeph Loeb,4.1866666666666665
Pseudonymous Bosch,4.1866666666666665
Michelle Hodkin,4.1866666666666665
Neal Shusterman,4.1866666666666665
Tillie Cole,4.1866666666666665
Jan Brett,4.1850000000000005
Emily Dickinson,4.1850000000000005
Miguel Ruiz,4.1850000000000005
C.G. Jung,4.1850000000000005
Neil Gaiman,4.185
R.L. Mathewson,4.1825
Marjane Satrapi,4.182
Wendy Mass,4.1814285714285715
Darren Shan,4.180714285714286
Edgar Allan Poe,4.180000000000001
Nick Bruel,4.18
Laurann Dohner,4.18
Stan Berenstain,4.18
Ted Kerasote,4.18
Richard J. Foster,4.18
Maki Minami,4.18
Wallace D. Wattles,4.18
Scott Dikkers,4.18
Claire Huchet Bishop,4.18
Gwen Cooper,4.18
Katie McGarry,4.18
Richard Stearns,4.18
Mary Downing Hahn,4.18
William Goldman,4.18
Kathryn Erskine,4.18
Peter S. Beagle,4.18
Peggy Rathmann,4.18
Anya Seton,4.18
Beryl Markham,4.18
Michael Frayn,4.18
Miles Davis,4.18
Barbara Robinson,4.18
Friedrich A. Hayek,4.18
Omar Khayyám,4.18
Homer Hickam,4.18
Mark Waid,4.18
Amor Towles,4.18
Robert B. Cialdini,4.18
Andre Agassi,4.18
Walter Farley,4.18
Donald A. Norman,4.18
Lama Surya Das,4.18
Peter David,4.18
Anne Morrow Lindbergh,4.18
Becky  Chambers,4.18
Slavomir Rawicz,4.18
Lorenzo Carcaterra,4.18
David Weber,4.178
Penelope Douglas,4.1775
Lynsay Sands,4.1775
Maurice Sendak,4.176666666666667
Pittacus Lore,4.175714285714286
Sylvia Plath,4.175000000000001
Jeanne Birdsall,4.175000000000001
Mary  Stewart,4.175000000000001
Candice Millard,4.175000000000001
Ron Chernow,4.175
Cherrie Lynn,4.175
Hampton Sides,4.175
Robert Jordan,4.174444444444444
Samantha Towle,4.173333333333333
Josephine Angelini,4.173333333333333
Mike Mignola,4.173333333333333
Eric S. Nylund,4.173333333333333
Megan Whalen Turner,4.173333333333333
Robert Dugoni,4.173333333333333
Eric Carle,4.171666666666667
Abbi Glines,4.170454545454546
Kerstin Gier,4.170000000000001
David Cote,4.17
Gary Keller,4.17
Foundation for Inner Peace,4.17
Jay Crownover,4.17
pleasefindthis,4.17
Edmund Morris,4.17
Albert Einstein,4.17
Peter Thiel,4.17
Robert   Foster,4.17
Brian L. Weiss,4.17
Chris Gardner,4.17
Dan Abnett,4.17
Allie Brosh,4.17
Emerson Eggerichs,4.17
Napoleon Hill,4.17
C.J. Sansom,4.17
Natalie Goldberg,4.17
Robert Descharnes,4.17
Joy Adamson,4.17
Norman Maclean,4.17
Cheryl Rainfield,4.17
Carl Bernstein,4.17
Livia E. BittonJackson,4.17
Randall Munroe,4.17
Alfred Tennyson,4.17
Gene Zion,4.17
Bohumil Hrabal,4.17
William Blake,4.17
Tom Holland,4.17
David Herbert Donald,4.17
Susan Ee,4.17
Darwyn Cooke,4.17
Bruce Degen,4.17
Daniel Silva,4.1688888888888895
Rosamunde Pilcher,4.1675
Robert Greene,4.166666666666667
Alan Moore,4.16625
Vi Keeland,4.1659999999999995
Ann Rule,4.165
Rohinton Mistry,4.165
James D. Bradley,4.165
Anne Frank,4.165
Robert Crais,4.164
Douglas Adams,4.163636363636363
Marie Rutkoski,4.163333333333333
Kylie Scott,4.162000000000001
Ai Yazawa,4.16
Don Winslow,4.16
Dian Fossey,4.16
Roger Lowenstein,4.16
Francis A. Schaeffer,4.16
Sheila Burnford,4.16
Larry Bird,4.16
Legs McNeil,4.16
Frantz Fanon,4.16
Scott Pratt,4.16
Simms Taback,4.16
Bill Simmons,4.16
Deborah Guarino,4.16
Alexander Osterwalder,4.16
Richard Llewellyn,4.16
Trinka Hakes Noble,4.16
Barbara Taylor Bradford,4.16
Jack McCallum,4.16
John D. Fitzgerald,4.16
Christiane F.,4.16
Ken Grimwood,4.16
Hisaya Nakajo,4.16
Joanna Weaver,4.16
Holly Goldberg Sloan,4.16
Natsumi Ando,4.16
J.B. Salsbury,4.16
Dalton Trumbo,4.16
Francis Chan,4.16
Eric Knight,4.16
Kenneth Oppel,4.16
Mem Fox,4.16
Rafael Sabatini,4.16
Tommy Lee,4.16
Jacqueline Briggs Martin,4.16
Greg Rucka,4.16
Lawrence Ferlinghetti,4.16
Thomas Merton,4.16
Laini Taylor,4.16
L.M. Montgomery,4.158333333333333
David Shannon,4.1579999999999995
Sylvain Reynard,4.156666666666666
Roger Zelazny,4.15625
James A. Michener,4.155714285714286
Georgette Heyer,4.155
Edward Gorey,4.155
Brian Staveley,4.155
René Goscinny,4.154999999999999
Anthony Robbins,4.154999999999999
Tahereh Mafi,4.154
Richard Paul Evans,4.153333333333333
Robert McCloskey,4.153333333333333
Marie Lu,4.151666666666666
D.J. MacHale,4.151
Charles M. Sheldon,4.15
Amelia AtwaterRhodes,4.15
Kimberly Lauren,4.15
Jay Winik,4.15
Ruth Wariner,4.15
William L. Shirer,4.15
Judi Barrett,4.15
Marcus Pfister,4.15
Ellen Stoll Walsh,4.15
Irwin Shaw,4.15
Edward Abbey,4.15
عائض القرني,4.15
Solomon Northup,4.15
Andrea Kettenmann,4.15
John Piper,4.15
William Carlos Williams,4.15
Watty Piper,4.15
John C. Maxwell,4.15
Michelle Paver,4.15
Marjorie Flack,4.15
John Galsworthy,4.15
Christina Lauren,4.15
Brad Thor,4.15
Elisabeth KüblerRoss,4.15
Tomoko Hayakawa,4.15
Byron Katie,4.15
Cupcake Brown,4.15
Joe Abercrombie,4.15
Colleen McCullough,4.15
Lisa Jackson,4.15
Jon J. Muth,4.15
Kiyoko Arai,4.15
Clarissa Pinkola Estés,4.15
Shawn Achor,4.15
Jerry A. Coyne,4.15
Mark Mathabane,4.15
Tina Reber,4.15
Matthew FitzSimmons,4.15
Bruno Ernst,4.15
Mary OHara,4.15
Jay McLean,4.15
Jane OConnor,4.15
Mourid Barghouti,4.15
J.A. Redmerski,4.1499999999999995
Joel Osteen,4.1499999999999995
Antonia Fraser,4.1499999999999995
Glen Cook,4.148000000000001
Veronica Roth,4.1475
Kelley Armstrong,4.1475
Fredrik Backman,4.1466666666666665
Laura Ingalls Wilder,4.146
John Marsden,4.145714285714286
Enid Blyton,4.145555555555556
Jennifer Worth,4.145
Michael Morpurgo,4.145
Sebastian Junger,4.145
Malorie Blackman,4.145
Kristen Britain,4.145
Ludwig Wittgenstein,4.145
Roberto Bolaño,4.145
Matt Fraction,4.1433333333333335
Neale Donald Walsch,4.1433333333333335
P.D. Eastman,4.1433333333333335
Dr. Seuss,4.140454545454546
Irving Stone,4.140000000000001
Jonathan Haidt,4.140000000000001
Jonathan Stroud,4.140000000000001
Loreth Anne White,4.14
Christina Baker Kline,4.14
Ishmael Beah,4.14
Sarah Andersen,4.14
T. Harv Eker,4.14
Sarah L. Delany,4.14
Lisa Renee Jones,4.14
Bethany McLean,4.14
Edith Pattou,4.14
William Steig,4.14
Edith Hahn Beer,4.14
Abigail Haas,4.14
Bill Hybels,4.14
William Peter Blatty,4.14
Nicholas Pileggi,4.14
Michael E. Porter,4.14
Paulette Jiles,4.14
Nicholas Meyer,4.14
William Kent Krueger,4.14
Neil Postman,4.14
Mordicai Gerstein,4.14
Ned Vizzini,4.14
Hiroyuki Takei,4.14
Paul Galdone,4.14
Cynthia J. McGean,4.14
Jim Krueger,4.14
Dalai Lama XIV,4.14
Cora Reilly,4.14
Nicole  Williams,4.14
Deb Perelman,4.14
Joseph Kesselring,4.14
Marcel Proust,4.14
Gene StrattonPorter,4.14
Chris Hadfield,4.14
Anne Fadiman,4.14
Whitney G.,4.14
Irma S. Rombauer,4.14
Iris Rainer Dart,4.14
Jeffrey Brown,4.14
John Fante,4.14
Dorothy Gilman,4.14
Allen Ginsberg,4.14
Clint Hill,4.14
Felicia Day,4.14
Todd J. McCaffrey,4.14
Mary Westmacott,4.14
Ally Carter,4.139
Larry Correia,4.136666666666667
Chloe Neill,4.136
Michael   Lewis,4.135000000000001
Andy Andrews,4.135
Erma Bombeck,4.135
Maya Angelou,4.135
Ruud van der Rol,4.135
Penelope Ward,4.135
Jeff Shaara,4.135
Pam Muñoz Ryan,4.135
Guy Gavriel Kay,4.134
Lewis Carroll,4.1339999999999995
Fyodor Dostoyevsky,4.133333333333334
Karin Slaughter,4.133125
Bill Willingham,4.132727272727273
Italo Calvino,4.1325
Michael  Grant,4.131666666666667
Terry Pratchett,4.1310416666666665
Ezra Jack Keats,4.13
Robert Lopshire,4.13
Corban Addison,4.13
John Patrick Shanley,4.13
Robert Leckie,4.13
Tracey GarvisGraves,4.13
John Sandford,4.13
Melody Beattie,4.13
Cece Bell,4.13
Chris Grabenstein,4.13
Robert Jackson Bennett,4.13
Bob Spitz,4.13
Henryk Sienkiewicz,4.13
Aleksandr Griboyedov,4.13
Daniel Abraham,4.13
Dan Millman,4.13
Jeff Hobbs,4.13
Virginia M. Axline,4.13
Anthony Marra,4.13
Fuyumi Soryo,4.13
Ian Falconer,4.13
Black Elk,4.13
John Ortberg,4.13
S.C. Gwynne,4.13
André Aciman,4.13
Benedict Freedman,4.13
Mark Z. Danielewski,4.13
Joseph Wambaugh,4.13
Thea Harrison,4.13
Katharine Graham,4.13
Gloria Naylor,4.13
Sharon G. Flake,4.13
Tim Burton,4.13
Shakti Gawain,4.13
N.K. Jemisin,4.1274999999999995
Isaac Asimov,4.127142857142857
John Jakes,4.126666666666666
Nicky Charles,4.126666666666666
Jenny Han,4.1257142857142854
Octavia E. Butler,4.125
Kristen Callihan,4.125
Jean de Brunhoff,4.125
Tom Stoppard,4.125
Nicola Yoon,4.125
Gary D. Schmidt,4.125
Jamie McGuire,4.125
Cheryl Strayed,4.125
Jane Yolen,4.123333333333334
Jonathan Maberry,4.123333333333333
Eckhart Tolle,4.123333333333333
Oscar Wilde,4.1225
Lisa Kleypas,4.121333333333333
Walt Whitman,4.12
Wilbur Smith,4.12
Jenna Blum,4.12
Peter Matthiessen,4.12
Peter Lynch,4.12
Steve Sheinkin,4.12
Charles Portis,4.12
Esphyr Slobodkina,4.12
Peter  May,4.12
Faye Perozich,4.12
Yōko Kamio,4.12
Oprah Winfrey,4.12
Irving Shulman,4.12
James L. Swanson,4.12
Wendelin Van Draanen,4.12
Lloyd Alexander,4.12
Nikki Sixx,4.12
Sylvia Nasar,4.12
Mary Ann Shaffer,4.12
Hans Christian Andersen,4.12
Alison Bechdel,4.12
Leslye Walton,4.12
Li Cunxin,4.12
Joseph Murphy,4.12
S.A.R.K.,4.12
John Steakley,4.12
Grace Draven,4.12
Gilles Néret,4.12
Saroo Brierley,4.12
Lurlene McDaniel,4.12
Scott Anderson,4.12
Loretta Chase,4.12
MaryJane Knight,4.12
John Katzenbach,4.12
Bryn Greenwood,4.12
John Howard Griffin,4.12
Kenneth Branagh,4.12
Nathan  Hill,4.12
Alan Brennert,4.12
Nadia Hashimi,4.12
Daniel J. Boorstin,4.12
Daniel OMalley,4.12
Miles  Cameron,4.12
Michel Foucault,4.12
Helen Hooven Santmyer,4.12
John Grogan,4.12
Suzanne Wright,4.12
Joel Fuhrman,4.12
Iris Johansen,4.118
Cynthia Hand,4.118
Raymond Chandler,4.118
Morgan Matson,4.1175
Veronica Rossi,4.116666666666666
Kitty French,4.115
O. Henry,4.115
Kathleen E. Woodiwiss,4.115
Roz Chast,4.115
Mary Hoffman,4.115
Anne Lamott,4.114
Judy Schachner,4.113333333333333
Dorothy L. Sayers,4.111666666666667
David Foster Wallace,4.111111111111111
David Hackett Fischer,4.11
Winston Graham,4.11
Samad Behrangi,4.11
Neil deGrasse Tyson,4.11
Nancy E. Shaw,4.11
Carl R. Rogers,4.11
Jean Lee Latham,4.11
Kazune Kawahara,4.11
Mikhail Lermontov,4.11
Julie Hockley,4.11
Taylor Caldwell,4.11
Meg Jay,4.11
Bob Gale,4.11
Barbara W. Tuchman,4.11
Jim Kjelgaard,4.11
Gertrude Crampton,4.11
Christopher Isherwood,4.11
Kelly McGonigal,4.11
Ryan Holiday,4.11
Greg Iles,4.11
Chaim Potok,4.11
Willard F. Harley Jr.,4.11
Ben Avery,4.11
Belle Aurora,4.11
Alice Waters,4.11
H.G. Bissinger,4.11
Kim Karr,4.11
Peter F. Drucker,4.11
Trina Schart Hyman,4.11
PeachPit,4.11
Jon KabatZinn,4.11
Jude Deveraux,4.11
L.A. Meyer,4.11
Anthea Bell,4.109999999999999
Claire North,4.109999999999999
Tracy Kidder,4.109999999999999
Mary Doria Russell,4.109999999999999
Kathryn Jackson,4.109999999999999
Susan Elizabeth Phillips,4.109
Matthew Reilly,4.1075
Ann Aguirre,4.1066666666666665
Brian Selznick,4.1066666666666665
James Lee Burke,4.1066666666666665
Morgan Rhodes,4.1066666666666665
Hugh Howey,4.1066666666666665
C.S. Lewis,4.106363636363636
Stephen Hawking,4.106
R.A. Salvatore,4.105652173913044
Dale Carnegie,4.105
Susan Meissner,4.105
A.G. Howard,4.105
Mark Bowden,4.105
Elizabeth Wein,4.105
Pat Conroy,4.1049999999999995
Raymond E. Feist,4.1031578947368414
Debbie Macomber,4.102857142857143
Tess Gerritsen,4.1025
Mark  Lawrence,4.1025
Maya Banks,4.102
Joe McGinniss,4.1
Hermann Hesse,4.1
Monty Roberts,4.1
Mihaly Csikszentmihalyi,4.1
KrishnaDwaipayana Vyasa,4.1
Alexander Gordon Smith,4.1
Helene Wecker,4.1
John Boyne,4.1
Sarah Weeks,4.1
John Heilemann,4.1
Julie Buxbaum,4.1
Glennon Doyle Melton,4.1
Matthew Dicks,4.1
Dinah Bucholz,4.1
Jon Lee Anderson,4.1
José Emilio Pacheco,4.1
Timothy Zahn,4.1
Elizabeth Haynes,4.1
Thor Heyerdahl,4.1
Nikos Kazantzakis,4.1
Chris Ware,4.1
Jamie Delano,4.1
J.M. Barrie,4.1
Leisa Rayven,4.1
Vikram Seth,4.1
William McDonough,4.1
Janet Stevens,4.1
Shūsaku Endō,4.1
Annie Dillard,4.1
Stacy King,4.1
Anna Gavalda,4.1
Linda Kage,4.1
Peter Hedges,4.1
Nancy Leigh DeMoss,4.1
Felix Salten,4.1
Anthony Kiedis,4.1
R.S. Grey,4.1
Michael Connelly,4.098965517241379
Ann M. Martin,4.0975
Matthew Inman,4.096666666666667
Alastair Reynolds,4.096666666666667
Robert Sabuda,4.096666666666667
Marguerite Henry,4.096666666666667
Sylvia Day,4.095714285714286
Joseph Delaney,4.095000000000001
Michael Scott,4.095
Sandra Boynton,4.095
Patrick Ness,4.093333333333334
Alice Walker,4.093333333333333
Susan Cooper,4.091666666666667
Lisa Gardner,4.091666666666667
David Wong,4.09
Dallas Hartwig,4.09
Norman Bridwell,4.09
Hugh Ambrose,4.09
Steven Spielberg,4.09
Booker T. Washington,4.09
Charles R. Cross,4.09
Joss Whedon,4.09
Steven Naifeh,4.09
Andrew Ross Sorkin,4.09
Steven Callahan,4.09
Miyamoto Musashi,4.09
Sandra Gulland,4.09
Will Durant,4.09
Donald Ray Pollock,4.09
Knut Hamsun,4.09
Rick Bragg,4.09
H.W. Brands,4.09
Ruth Stiles Gannett,4.09
Robert Bloch,4.09
Dorothy Allison,4.09
James  Jones,4.09
Richard Condon,4.09
Waris Dirie,4.09
Ed Brubaker,4.09
Eleanor Coerr,4.09
Olivia Cunning,4.09
Eileen Christelow,4.09
Clare Mackintosh,4.09
Jean Webster,4.09
Erin Gruwell,4.09
Sandi Lynn,4.09
Elizabeth Kolbert,4.09
John Hart,4.09
Melissa Anelli,4.09
Gertrude Chandler Warner,4.09
David McCullough,4.09
Lawrence Wright,4.09
Raine Miller,4.09
Alice  Miller,4.09
Edward Albee,4.09
Jandy Nelson,4.09
Forrest Carter,4.09
Simone de Beauvoir,4.09
Thanhha Lai,4.09
Enid Bagnold,4.09
Glen David Gold,4.09
Jessica Sorensen,4.087142857142857
Iain M. Banks,4.087
Diana Wynne Jones,4.086
M. Leighton,4.085
Tere Liye,4.085
Erika Johansen,4.085
Amy Plum,4.085
Beverly Lewis,4.083333333333333
Naomi Klein,4.083333333333333
Ben Aaronovitch,4.083333333333333
Michio Kaku,4.0825000000000005
Michelle Moran,4.0825000000000005
Robin Hobb,4.0815
Rae Carson,4.080000000000001
Robert K. Massie,4.08
D.J. Molles,4.08
Eric Shanower,4.08
Tony Horwitz,4.08
Gavin Extence,4.08
Alexander Pushkin,4.08
Jackie Collins,4.08
Jennifer Donnelly,4.08
Robert Penn Warren,4.08
Willow Aster,4.08
Dale Brown,4.08
J.  Daniels,4.08
Alex  Ross,4.08
Karl Ove Knausgård,4.08
Joan Aiken,4.08
Daniel Kahneman,4.08
Piers Paul Read,4.08
Wanda Gág,4.08
Alan Lightman,4.08
Elizabeth Chandler,4.08
Kentaro Yabuki,4.08
Kanoko Sakurakouji,4.08
Mika Waltari,4.08
Arthur Golden,4.08
Lori Nelson Spielman,4.08
Tan Twan Eng,4.08
James Grady,4.08
Victoria Schwab,4.08
Lynn Flewelling,4.08
Harriet Jacobs,4.08
Janette Sebring Lowrey,4.08
Iris Chang,4.08
Malika Oufkir,4.08
أنيس منصور,4.08
Gloria Steinem,4.08
Gregg Andrew Hurwitz,4.08
Catherine Ryan Hyde,4.08
سهراب سپهری,4.08
Cary Elwes,4.08
Glenn Greenwald,4.08
Johnny Cash,4.08
Garr Reynolds,4.08
Norman Vincent Peale,4.08
Kevin Stein,4.08
Angela Duckworth,4.08
Doug Moench,4.08
عباس معروفی,4.08
L.A. Casey,4.08
Armistead Maupin,4.079999999999999
Ted Dekker,4.079
Friedrich Nietzsche,4.078333333333333
Alice Clayton,4.077500000000001
Martha Stewart,4.077500000000001
Faith Hunter,4.076666666666667
Kristin Cashore,4.076666666666667
Chris Van Allsburg,4.076666666666667
Thomas J. Stanley,4.075
Kahlil Gibran,4.075
Roland Smith,4.075
W. Somerset Maugham,4.075
Terry McMillan,4.075
Jessica Park,4.074999999999999
Nora Roberts,4.074761904761904
David Eddings,4.074
Neal Stephenson,4.074
Julie Kagawa,4.073333333333333
Brian Greene,4.073333333333333
Justin Cronin,4.073333333333333
Margaret Weis,4.073125
James Rollins,4.072941176470588
Anne McCaffrey,4.072222222222222
Simone Elkeles,4.071666666666666
Zane,4.07
Shane Claiborne,4.07
Suzanne Young,4.07
Susan  Wilson,4.07
Simon Sinek,4.07
Noelle Stevenson,4.07
Linda Sue Park,4.07
Pat Frank,4.07
Reginald Rose,4.07
Laurent Binet,4.07
Peter Shaffer,4.07
Pat Barker,4.07
Katie Alender,4.07
Eugene ONeill,4.07
Jennifer Ashley,4.07
Howard Zinn,4.07
Elle Casey,4.07
James Luceno,4.07
Steven Pinker,4.07
Scott  Hawkins,4.07
Jamie Oliver,4.07
Eleanor Estes,4.07
John D. MacDonald,4.07
Andrea Cremer,4.07
Frederik Pohl,4.07
Mac Barnett,4.07
Melinda Long,4.07
Teri Terry,4.07
Edward Said,4.07
PierreAmbroise Choderlos de Laclos,4.07
Maud Hart Lovelace,4.07
Mahatma Gandhi,4.07
Harry Bernstein,4.07
Deepak Chopra,4.07
William Kamkwamba,4.07
Dot Hutchison,4.07
Cassie Dandridge Selleck,4.07
Ben Goldacre,4.07
Ruth Krauss,4.07
Helen Keller,4.07
Rachel Maddow,4.07
Ursula Hegi,4.07
Jane Harper,4.07
John Ajvide Lindqvist,4.07
David Fishelson,4.07
Michael Patrick MacDonald,4.07
Daniel Keyes,4.07
Vernor Vinge,4.07
Sebastian Faulks,4.07
Ursula K. Le Guin,4.069
Tad Williams,4.068888888888889
Richard Dawkins,4.068333333333333
Frank Miller,4.068
James Ellroy,4.0675
Ann Leckie,4.066666666666667
Richard K. Morgan,4.066666666666666
Christopher Paolini,4.066666666666666
Becca Fitzpatrick,4.066
Tami Hoag,4.066
Kristin Hannah,4.065
Ilana Tan,4.0649999999999995
Charlotte Perkins Gilman,4.0649999999999995
John Layman,4.0649999999999995
Jessica Day George,4.064
Erin Watt,4.0633333333333335
Matt Haig,4.0633333333333335
Alistair MacLean,4.0633333333333335
Mario Vargas Llosa,4.0625
Alfred Bester,4.0600000000000005
Laurie R. King,4.0600000000000005
Jennifer Niven,4.0600000000000005
Keri Hulme,4.06
James McBride,4.06
Fred Gipson,4.06
Ramez Naam,4.06
Adam M. Grant,4.06
Adam Johnson,4.06
Ralph Waldo Emerson,4.06
Shaunti Feldhahn,4.06
Steve Toltz,4.06
Tabitha Suzuma,4.06
Donna Woolfolk Cross,4.06
Dorothy Kunhardt,4.06
William Styron,4.06
Mark Walden,4.06
Malala Yousafzai,4.06
Deborah Harkness,4.06
David Starkey,4.06
Tony Hillerman,4.06
Amy Lichtenhan,4.06
Elizabeth  George,4.06
Brad Stone,4.06
Claire Contreras,4.06
Geoff Johns,4.06
Craig Silvey,4.06
Winston Groom,4.06
Phil Robertson,4.06
Emmuska Orczy,4.06
Arthur Koestler,4.06
Noel Streatfeild,4.06
Eloisa James,4.06
Jeffrey Toobin,4.06
Emily Murdoch,4.06
Dan Simmons,4.057777777777777
Jack Higgins,4.055
Dodie Smith,4.055
The Arbinger Institute,4.055
Linda Howard,4.055
Victor Hugo,4.055
George Saunders,4.055
Hilary Mantel,4.055
Fernando Pessoa,4.055
Anthony Horowitz,4.054285714285714
Grant Morrison,4.053333333333334
Dave Pelzer,4.0525
Michael Pollan,4.0520000000000005
J. Lynn,4.051428571428572
Marcus Sakey,4.050000000000001
Tiffany Reisz,4.05
William March,4.05
Victoria Kann,4.05
Mark Bittman,4.05
John L. Parker Jr.,4.05
Lord Byron,4.05
Jim Starlin,4.05
Katherine Addison,4.05
Philippa Pearce,4.05
Jennifer Lynn Barnes,4.05
Richard Adams,4.05
Lang Leav,4.05
Richard   Preston,4.05
Ozzy Osbourne,4.05
Keigo Higashino,4.05
P.L. Travers,4.05
Ray Bradbury,4.05
Suetonius,4.05
Walter Benjamin,4.05
Lili St. Crow,4.05
William  Boyd,4.05
Donna Foley Mabry,4.05
Aesop,4.05
Howard Pyle,4.05
Alexander Hamilton,4.05
Cristin Terrill,4.05
Alexandre Dumas,4.05
Heinrich Böll,4.05
Alvin Schwartz,4.05
Alan    Richardson,4.05
Helena Hunting,4.05
Eric Hill,4.05
George Bernard Shaw,4.05
Dick KingSmith,4.05
Heinrich Harrer,4.05
Craig Thompson,4.05
Carol Burnett,4.05
Frank W. Abagnale,4.05
Elizabeth   Hunter,4.05
Alison Goodman,4.05
Hiroshi Sakurazaka,4.05
Alice Schroeder,4.05
Alison Croggon,4.05
Ildefonso Falcones,4.05
Edmond Rostand,4.05
Burton G. Malkiel,4.05
Adolfo Bioy Casares,4.05
Jeffery Deaver,4.048
Adam Hochschild,4.046666666666667
Lee Child,4.046666666666667
Jacqueline Winspear,4.045714285714285
Thomas Paine,4.045
Better Homes and Gardens,4.045
Edward Rutherfurd,4.045
J.L. Bourne,4.045
Caroline Myss,4.045
Aleksandr Solzhenitsyn,4.045
Yuu Watase,4.045
Diane Chamberlain,4.044
Plato,4.044
Sergei Lukyanenko,4.043333333333334
Frances Hodgson Burnett,4.043333333333334
Hergé,4.043333333333333
Stephen R. Covey,4.0425
Lisa Genova,4.0425
Madeleine LEngle,4.041666666666667
Melina Marchetta,4.040000000000001
Cate Tiernan,4.04
Stephen Coonts,4.04
Gary Taubes,4.04
Cindy C. Bennett,4.04
Jasinda Wilder,4.04
Lalita Tademy,4.04
Jen Sincero,4.04
Donald Crews,4.04
Larry Levin,4.04
Jennifer Rush,4.04
Hope Jahren,4.04
Ben Hatke,4.04
Susan Cain,4.04
Josh Kaufman,4.04
Patti Smith,4.04
Lisa Tawn Bergren,4.04
Robertson Davies,4.04
Susan Crandall,4.04
Po Bronson,4.04
Bertrand Russell,4.04
Jess Rothenberg,4.04
Guy Debord,4.04
Liesl Shurtliff,4.04
Amy Brown,4.04
Wilson Rawls,4.04
Karen Harper,4.04
Eric Ries,4.04
Jill Shalvis,4.04
Ernesto Sabato,4.04
Timothy Egan,4.04
Daniel Quinn,4.04
Kristin Kimball,4.04
Heidi McLaughlin,4.04
Caroline Knapp,4.04
Betty Mahmoody,4.04
Ramit Sethi,4.04
Albert Camus,4.04
Carol S. Dweck,4.04
Carol Rifka Brunt,4.04
James Gleick,4.04
Vincent van Gogh,4.04
Bruce Coville,4.04
Ahmad Fuadi,4.04
W.G. Sebald,4.04
Walter Isaacson,4.04
Rebecca Skloot,4.04
Adam Gidwitz,4.04
María Dueñas,4.04
Caitlin Doughty,4.04
Django Wexler,4.04
خولة حمدي,4.04
Martin Cruz Smith,4.04
G.K. Chesterton,4.04
Juan Rulfo,4.04
Grant Naylor,4.04
Tom Shales,4.04
J. Sterling,4.04
Bella Forrest,4.037999999999999
Ransom Riggs,4.036666666666667
Jack Canfield,4.036666666666666
Lian Hearn,4.036666666666666
Maggie Stiefvater,4.036666666666666
Carolyn Keene,4.036666666666666
G. Willow Wilson,4.036666666666666
Dennis Lehane,4.036363636363636
Cormac McCarthy,4.035555555555556
Robyn Carr,4.035
Kalayna Price,4.035
Robin LaFevers,4.035
Leo Tolstoy,4.034000000000001
Alan Bradley,4.032857142857143
Christopher Hitchens,4.0325
Dave Barry,4.0325
Jasper Fforde,4.032222222222222
Rachel Vincent,4.031666666666667
George Orwell,4.031428571428571
Maggie Nelson,4.03
Sonia Sotomayor,4.03
Ovid,4.03
E.B. White,4.03
Christine Zolendz,4.03
Robert Fulghum,4.03
Ellen Raskin,4.03
Ed Young,4.03
Maria V. Snyder,4.03
Margaret Sidney,4.03
Boris Pasternak,4.03
M. Pierce,4.03
Peter  Swanson,4.03
Jim Loehr,4.03
M. Scott Peck,4.03
Doreen Cronin,4.03
Charles Duhigg,4.03
Robert Lynn Asprin,4.03
Richard A. Knaak,4.03
Katie Ashley,4.03
Kiyo Fujiwara,4.03
Gail Tsukiyama,4.03
Eric Schmidt,4.03
Kay Redfield Jamison,4.03
Donald J. Sobol,4.03
Donald Hall,4.03
Erin Morgenstern,4.03
Craig Johnson,4.03
Mark Manson,4.03
Jane Carruth,4.03
Indu Sundaresan,4.03
Isa Chandra Moskowitz,4.03
Clifford D. Simak,4.03
Ann Voskamp,4.03
Truddi Chase,4.03
Jennifer Brown,4.03
David Sheff,4.03
منى المرشود,4.03
James C. Collins,4.03
David Small,4.03
Charles C. Mann,4.029999999999999
Clayton M. Christensen,4.029999999999999
Susanna Kearsley,4.0280000000000005
Jennifer Estep,4.0280000000000005
George Carlin,4.0275
Mary E. Pearson,4.026666666666666
H.M. Ward,4.026666666666666
Jude Watson,4.026666666666666
Kendra Elliot,4.025
Bruce H. Wilkinson,4.025
Emma Chase,4.025
Angie Sage,4.0249999999999995
Bill OReilly,4.023999999999999
Mia Ikumi,4.023333333333333
Mira Grant,4.023333333333333
Robert Galbraith,4.023333333333333
Shirley Jackson,4.0225
Kent Haruf,4.0225
Clive Barker,4.021538461538461
Jane Austen,4.02125
Jack London,4.0200000000000005
Nelson DeMille,4.0200000000000005
Rachel Van Dyken,4.0200000000000005
Julia Quinn,4.0200000000000005
Denis Johnson,4.0200000000000005
Elizabeth Peters,4.02
Jacquelyn Frank,4.02
Matt Ridley,4.02
Neil Simon,4.02
Michael Rosen,4.02
Dav Pilkey,4.02
Alex Kava,4.02
Michael A. Stackpole,4.02
Mary Norton,4.02
Jasmine Warga,4.02
Marko Kloos,4.02
Flann OBrien,4.02
Boris Vian,4.02
Jason  Matthews,4.02
Ambrose Bierce,4.02
Steven Galloway,4.02
Hubert Selby Jr.,4.02
Sena Jeter Naslund,4.02
Nevil Shute,4.02
Sharon Guskin,4.02
Lew Wallace,4.02
Angela Marsons,4.02
Barry Lyga,4.02
Len Deighton,4.02
Harold S. Kushner,4.02
Peter Jenkins,4.02
Angela Carter,4.02
Emily St. John Mandel,4.02
Leila Meacham,4.02
Harriet Lerner,4.02
Clare Vanderpool,4.02
Siri Hustvedt,4.02
Anna Banks,4.02
Jill Leovy,4.02
Richard Brautigan,4.02
Dorothy Koomson,4.02
Christopher  Ryan,4.02
Kate Morton,4.018
Brian Jacques,4.017692307692308
Sherman Alexie,4.0175
J.D. Salinger,4.0175
Sara Shepard,4.016923076923077
Jonathan Safran Foer,4.016666666666667
JeanPaul Sartre,4.016666666666667
Scott Turow,4.016666666666667
Hunter S. Thompson,4.016
AnnMarie MacDonald,4.015000000000001
Tessa Dare,4.015000000000001
Sarah MacLean,4.015000000000001
Roland Barthes,4.015000000000001
Jon Krakauer,4.015
Brian Michael Bendis,4.015
Rachel Hawkins,4.015
Mike Lupica,4.015
Margaret Peterson Haddix,4.014545454545455
David Baldacci,4.013939393939395
Eugene Bradley Coco,4.013333333333334
Aprilynne Pike,4.0125
Gayle Forman,4.011428571428572
Nick Bantock,4.01
Nicholas Ganz,4.01
Nathaniel Philbrick,4.01
John P. Kotter,4.01
George Selden,4.01
Michelle A. Valentine,4.01
Martha Grimes,4.01
Megan McCafferty,4.01
David Auburn,4.01
Marv Wolfman,4.01
Patrick Lencioni,4.01
Chelsea M. Cameron,4.01
Hannah Kent,4.01
Chris Heimerdinger,4.01
Louis Sachar,4.01
Baruch Spinoza,4.01
Tony Hsieh,4.01
Rosalind Miles,4.01
Ben Sherwood,4.01
Tom Angleberger,4.01
Todd Burpo,4.01
Jessica Shirvington,4.01
Ivan Doig,4.01
Yukiru Sugisaki,4.01
Thomas Piketty,4.01
Scott Cunningham,4.01
Erich Fromm,4.01
Verna Aardema,4.01
Robert Charles Wilson,4.01
Sean Covey,4.01
Thomas Malory,4.01
Sheila Turnage,4.01
Rien Poortvliet,4.01
Frank Warren,4.01
Susan  Jeffers,4.01
Sudhir Venkatesh,4.01
Søren Kierkegaard,4.01
Katie MacAlister,4.01
Arina Tanemura,4.01
Alex Gino,4.01
Richard Peck,4.01
JeanDominique Bauby,4.01
Jack Weatherford,4.01
Apostolos Doxiadis,4.01
Nicholas Sparks,4.007499999999999
Donald Miller,4.006666666666667
Christopher Pike,4.006666666666667
Nikolai Gogol,4.006666666666667
P.C. Cast,4.006666666666667
Alison Weir,4.006
Julie James,4.006
Alessandro Baricco,4.005
Chanda Hahn,4.005
Norman Mailer,4.005
Ulrich Bischoff,4.005
Rachel Abbott,4.005
Anton Chekhov,4.005
Roald Dahl,4.004705882352941
Natasha Preston,4.003333333333333
Jhumpa Lahiri,4.0024999999999995
Gail Carriger,4.001428571428572
Vincent Bugliosi,4.0
Viet Thanh Nguyen,4.0
Laura Schroff,4.0
Patricia Harman,4.0
John Gribbin,4.0
Jean Sasson,4.0
Walter Lord,4.0
Soman Chainani,4.0
Deborah Blum,4.0
Rob Thomas,4.0
Tammara Webber,4.0
T.H. White,4.0
Diane Arbus,4.0
Richard Kadrey,4.0
Carlos Castaneda,4.0
Richard Flanagan,4.0
Geoffrey A. Moore,4.0
Susannah Cahalan,4.0
Patricia Reilly Giff,4.0
Twyla Tharp,4.0
Patrick Süskind,4.0
Alan Cumming,4.0
Jana Oliver,4.0
Bert Dodson,4.0
Howard E. Wasdin,4.0
Joan Bauer,4.0
Linda Castillo,4.0
Robert Shea,4.0
Dante Alighieri,4.0
Peter Lerangis,4.0
Ivan Goncharov,4.0
John Keegan,4.0
Charles Wheelan,4.0
Molly McAdams,4.0
Monica  Murphy,4.0
Chelsea Cain,4.0
George MacDonald,4.0
B.J. Novak,4.0
William Least HeatMoon,4.0
Paula H. Deen,4.0
Eliyahu M. Goldratt,4.0
M.L. Stedman,4.0
Douglas Preston,4.0
Syd Hoff,4.0
Kasie West,3.9975
Lee Strobel,3.9974999999999996
Connie Willis,3.9966666666666666
Melody Anne,3.9966666666666666
Gary Zukav,3.995
Dorie Greenspan,3.995
Chip Heath,3.995
Scott  Meyer,3.995
John Connolly,3.995
Caleb Carr,3.995
Frank Herbert,3.9949999999999997
Mark Millar,3.9924999999999997
Sandra Brown,3.992
David Seltzer,3.99
Chad Harbach,3.99
J.D. Vance,3.99
Yuna Kagesaki,3.99
Benjamin Hoff,3.99
Jim Bouton,3.99
Bill Finger,3.99
Flora Rheta Schreiber,3.99
Blaine Harden,3.99
Frank B. Gilbreth Jr.,3.99
Victoria Hislop,3.99
Ian Mortimer,3.99
Jeannette Walls,3.99
Daron Acemoğlu,3.99
Brian Lumley,3.99
Carol Ryrie Brink,3.99
مصطفى محمود,3.99
Giuseppe Tomasi di Lampedusa,3.99
Edward M. Kennedy,3.99
Kerry Patterson,3.99
Giulia Enders,3.99
Bruce Campbell,3.99
Marya Hornbacher,3.99
Richard Koch,3.99
Carol Tavris,3.99
Alexis de Tocqueville,3.99
Tom Brokaw,3.99
L.A. Fiore,3.99
Terry Jones,3.99
سلطان موسى الموسى,3.99
April Henry,3.99
Thomas  Moore,3.99
Scott McCloud,3.99
Olive Ann Burns,3.99
Thomas Tryon,3.99
Marjorie Kinnan Rawlings,3.99
Cherise Sinclair,3.99
Peter Watts,3.99
Martin Heidegger,3.99
José Maria de Eça de Queirós,3.99
Hugh Lofting,3.99
Andrew Loomis,3.99
Daphne du Maurier,3.99
Ellis Peters,3.99
Sadegh Hedayat,3.99
Greg McKeown,3.99
John Shors,3.99
Nassim Nicholas Taleb,3.9899999999999998
Sharon Creech,3.9899999999999998
Richard Wright,3.9899999999999998
Blake Crouch,3.9880000000000004
Eoin Colfer,3.9875000000000003
Jared Diamond,3.986666666666667
Ellen Schreiber,3.98625
Garth Nix,3.985555555555555
Naomi Novik,3.985
Robert   Harris,3.985
Frederick Forsyth,3.9842857142857144
Rainbow Rowell,3.9840000000000004
Nancy Farmer,3.983333333333333
Jostein Gaarder,3.983333333333333
Trudi Canavan,3.9828571428571427
Karen Chance,3.9825
John Scalzi,3.982
Tim LaHaye,3.9815384615384612
Giada De Laurentiis,3.9800000000000004
Rachel Hartman,3.98
Sara Raasch,3.98
Tobias Wolff,3.98
Kurt Cobain,3.98
JanPhilipp Sendker,3.98
Edith Hamilton,3.98
Sara Nović,3.98
John Lawrence Peterson,3.98
John Bunyan,3.98
F. Paul Wilson,3.98
Stephen R. Lawhead,3.98
Bram Stoker,3.98
Leah Remini,3.98
Bob Dylan,3.98
Philipp Meyer,3.98
Jodi Lynn Anderson,3.98
Thrity Umrigar,3.98
Belva Plain,3.98
Elif Shafak,3.98
Elisabeth Naughton,3.98
Katherine Dunn,3.98
Robert T. Kiyosaki,3.98
Kelly Elliott,3.98
Robin Norwood,3.98
Michael E. Gerber,3.98
Rodman Philbrick,3.98
Roxane Gay,3.98
Kenneth Grahame,3.98
Marie Force,3.98
Philip Reeve,3.98
Nigella Lawson,3.98
David Eagleman,3.98
Michael Moss,3.98
David    Allen,3.98
Dmitry Glukhovsky,3.98
Leif Enger,3.98
Martin E.P. Seligman,3.98
Anthony Burgess,3.98
Arthur Ransome,3.98
Jean Ferris,3.98
Josh Malerman,3.98
Jim Benton,3.98
Joseph Heller,3.98
Nyrae Dawn,3.98
Vikas Swarup,3.98
Phil Klay,3.98
Larry Bond,3.98
Thomas S. Kuhn,3.98
Val McDermid,3.98
Jim Carroll,3.98
Kathleen Winsor,3.98
Theodore Sturgeon,3.98
Franz Kafka,3.97875
Aldous Huxley,3.978
Beverly Cleary,3.9777777777777774
Ree Drummond,3.9775
Jussi AdlerOlsen,3.9775
Jack Campbell,3.9775
Stephanie Perkins,3.9775
Vladimir Nabokov,3.9775
Tom Clancy,3.977222222222222
Beth Revis,3.9766666666666666
Frank E. Peretti,3.9757142857142855
S.H. Kolee,3.975
Samantha Shannon,3.975
Andrea Hirata,3.975
Daniel Goleman,3.975
Vaddey Ratner,3.975
Patricia McCormick,3.975
L.A. Weatherly,3.9749999999999996
Reza Aslan,3.9749999999999996
Linwood Barclay,3.973333333333333
Louise Rennison,3.9716666666666662
Stephen King,3.97125
Frederick Douglass,3.97
T.A. Barron,3.97
نور عبدالمجيد,3.97
Jeff Wheeler,3.97
Steven Johnson,3.97
Walter M. Miller Jr.,3.97
Amanda Palmer,3.97
Tara Sue Me,3.97
Lauren Blakely,3.97
Jacqueline Kelly,3.97
Alex Berenson,3.97
Alexandre Dumas fils,3.97
Lacey Weatherford,3.97
Allan Pease,3.97
Julia Scheeres,3.97
Katherine Boo,3.97
Stephen M.R. Covey,3.97
Marion Zimmer Bradley,3.97
Johanna Spyri,3.97
William Landay,3.97
Carson McCullers,3.97
Catherynne M. Valente,3.97
Charles Bernard Nordhoff,3.97
Charles Darwin,3.97
Pearl S. Buck,3.97
Jodi Daynard,3.97
Hannah Harrington,3.97
Chris Kyle,3.97
Neil Shubin,3.97
Nancy Garden,3.97
Gerard Way,3.97
Danielle L. Jensen,3.97
Stephanie Garber,3.97
Herodotus,3.97
Kiera Cass,3.97
Stanisław Lem,3.97
Shilpi Somaya Gowda,3.97
Barbara Claypole White,3.97
Shayla Black,3.97
Gaston Leroux,3.97
Leonardo da Vinci,3.97
Kathleen Tessaro,3.97
Jenő Barcsay,3.97
Sarah Simblet,3.97
Sarra Manning,3.97
Truman Capote,3.9699999999999998
Robin McKinley,3.9699999999999998
Karen   White,3.9699999999999998
Laurell K. Hamilton,3.9696875
Harlan Coben,3.9692307692307693
Kate DiCamillo,3.9683333333333333
Thomas Mann,3.9675
Brigid Kemmerer,3.966666666666667
Lois Lowry,3.966666666666667
E.H. Gombrich,3.965
Allen Say,3.965
Mitch Albom,3.965
Billie Letts,3.965
Eric Van Lustbader,3.965
Jon Stewart,3.965
James M. Cain,3.965
John le Carré,3.96375
Jacqueline Woodson,3.9633333333333334
Dashiell Hammett,3.9633333333333334
Philip Pullman,3.961428571428571
Alan Dean Foster,3.9600000000000004
John Fowles,3.9600000000000004
Richard Henry Dana Jr.,3.96
John Brunner,3.96
David Colbert,3.96
Bo Hampton,3.96
Jillian Dodd,3.96
William H. Armstrong,3.96
Sarah Ban Breathnach,3.96
Sarah Hepola,3.96
Iain Banks,3.96
Daniel C. Dennett,3.96
Jerome Lawrence,3.96
Shelly Laurenston,3.96
Slash,3.96
Anne Rivers Siddons,3.96
Angela Johnson,3.96
Ingrid Law,3.96
Andrew Davidson,3.96
G.A. Aiken,3.96
Masami Tsuda,3.96
Rene Denfeld,3.96
Carolyn Jessop,3.96
Geoff Colvin,3.96
Louise Fitzhugh,3.96
Josh KilmerPurcell,3.96
Nate Silver,3.96
William Pène du Bois,3.96
Cynthia Lord,3.96
Craig Ferguson,3.96
Günter Grass,3.96
Lucy Grealy,3.96
Oliver Sacks,3.96
Paul Jenkins,3.96
Elizabeth Winthrop,3.96
Edward Gibbon,3.96
E.L. Montes,3.96
Mike Mullin,3.96
Penny Reid,3.96
Peter Benchley,3.96
Liz Moore,3.96
Jean Kwok,3.96
Rachel Gibson,3.96
Taylor Jenkins Reid,3.96
George R. Stewart,3.96
J.C. Reed,3.96
Isak Dinesen,3.96
James W. Loewen,3.96
W.P. Kinsella,3.96
Adeline Yen Mah,3.96
Alexandra Fuller,3.96
Alwyn Hamilton,3.96
Fritjof Capra,3.96
K.A. Linde,3.96
James Bowen,3.96
Martin Pistorius,3.96
Adriana Trigiani,3.9599999999999995
Cornelia Funke,3.9599999999999995
Gordon Korman,3.9583333333333335
A.G. Riddle,3.9579999999999997
Louisa May Alcott,3.957142857142857
Richard Matheson,3.956666666666667
David Levithan,3.9560000000000004
Charles Bukowski,3.9560000000000004
Kirsty Moseley,3.955
Ruth Ozeki,3.955
Jen Lancaster,3.9539999999999997
John Eldredge,3.953333333333333
Mitchell Zuckoff,3.953333333333333
Greg Bear,3.953333333333333
E.L. James,3.953333333333333
Lemony Snicket,3.953125
Robert Bryndza,3.95
Roy F. Baumeister,3.95
Victoria Aveyard,3.95
Ariana Franklin,3.95
Leila Sales,3.95
Richard Carlson,3.95
Hope Larson,3.95
Heather ONeill,3.95
Louis de Bernières,3.95
Richard Branson,3.95
David D. Burns,3.95
John M. Barry,3.95
Mark Owen,3.95
Charlie LeDuff,3.95
Francisco X. Stork,3.95
Peter Straub,3.95
Elizabeth Haydon,3.95
David Mamet,3.95
Jessica Verday,3.95
Richard Atwater,3.95
Samuel Shem,3.95
Pamela Druckerman,3.95
Ilsa MaddenMills,3.95
Anita Amirrezvani,3.95
David Byrne,3.95
Susan S. Adler,3.95
Sun Tzu,3.95
Jack Ketchum,3.95
Yevgeny Zamyatin,3.95
Andy Goldsworthy,3.95
Rita WilliamsGarcia,3.95
Mollie Katzen,3.95
Kevin D. Mitnick,3.95
Steve Martini,3.95
Elmore Leonard,3.95
Eldridge Cleaver,3.95
Josephine Tey,3.95
Diane Setterfield,3.95
Newt Scamander,3.95
Eleanor H. Porter,3.95
Anne Byrn,3.95
Gemma Burgess,3.95
Anne Michaels,3.95
Toni Aleo,3.95
Larry Niven,3.95
Gloria Levine,3.95
Melissa Landers,3.95
A.C. Gaughen,3.95
Gail Carson Levine,3.9499999999999997
John Wyndham,3.9499999999999997
Kurt Vonnegut Jr.,3.9499999999999997
Rhonda Byrne,3.9499999999999997
Jonathan Kellerman,3.9479999999999995
José Saramago,3.9475
Philip K. Dick,3.9475
Robert Ludlum,3.946666666666667
David Mitchell,3.9457142857142853
Amanda Hocking,3.945555555555556
A. Meredith Walters,3.9450000000000003
Karina Halle,3.9450000000000003
E.L. Konigsburg,3.9450000000000003
Mario Puzo,3.9450000000000003
Vanessa Diffenbaugh,3.9450000000000003
Rebecca Stead,3.9450000000000003
Jeanette Winterson,3.944
Dan Wells,3.9433333333333334
Joelle Charbonneau,3.9433333333333334
Kimberly Derting,3.9433333333333334
Sarah Addison Allen,3.9416666666666664
Jeffrey Archer,3.9405
Joe Haldeman,3.9400000000000004
Nina LaCour,3.9400000000000004
Richard Bach,3.94
Gina L. Maxwell,3.94
John Hersey,3.94
Rachel Carson,3.94
Joël Dicker,3.94
Edward Eager,3.94
Wilkie Collins,3.94
Molly Wizenberg,3.94
Natasha Anders,3.94
Kiersten White,3.94
Lynda Cohen Loigman,3.94
Courtney Cole,3.94
Jonathan L. Howard,3.94
Chris Crutcher,3.94
Cheryl McIntyre,3.94
Charlie Higson,3.94
Peter Mayle,3.94
Philip G. Zimbardo,3.94
Philip José Farmer,3.94
Hayden Herrera,3.94
Carrie Jones,3.94
Pepper Winters,3.94
Richard Paige,3.94
Ian Doescher,3.94
L.D. Davis,3.94
Tina Fey,3.94
Dean Karnazes,3.94
Yōko Ogawa,3.94
Jessica Livingston,3.94
Sheryl Sandberg,3.94
Jerzy Kosiński,3.94
Ivan Turgenev,3.94
Laura  McBride,3.94
Anna Sewell,3.94
Sarah McCoy,3.94
Sarah Prineas,3.94
Ilsa J. Bick,3.94
Scott Belsky,3.94
Maria Augusta von Trapp,3.94
Sejal Badani,3.94
Shoichi Aoki,3.94
Barthe DeClements,3.94
Jill Murphy,3.94
Si Robertson,3.94
Andre Norton,3.94
T.R. Ragan,3.94
Melanie Rawn,3.94
Julia Hoban,3.94
Laura Esquivel,3.94
Deeanne Gist,3.94
Emily Snow,3.94
Marshall Goldsmith,3.94
Thomas Wolfe,3.94
Ellen Marie Wiseman,3.9399999999999995
Michael J. Fox,3.9399999999999995
Ken Follett,3.9382352941176473
Barbara Kingsolver,3.9375
Elizabeth Gaskell,3.9375
Heather Gudenkauf,3.9375
Janet Evanovich,3.9366666666666665
Peter Clines,3.936666666666666
Henry David Thoreau,3.936666666666666
Sarah Jio,3.936666666666666
Terry Goodkind,3.9353333333333333
Paul Theroux,3.935
Stephen Sondheim,3.935
Bill Bryson,3.935
Marcus Buckingham,3.935
Joshilyn Jackson,3.935
E. Nesbit,3.935
Beatriz Williams,3.935
Laura Kaye,3.9349999999999996
Ruth Reichl,3.9349999999999996
Max Brooks,3.9349999999999996
Tim OBrien,3.9333333333333336
James Patterson,3.9330208333333334
Jenny Nimmo,3.9322222222222223
Kathy Reichs,3.932
Louise Erdrich,3.932
Rudyard Kipling,3.9316666666666666
David Sedaris,3.9300000000000006
Allen Eskens,3.93
Isaac Marion,3.93
Nic Sheff,3.93
Geoffrey Crayon,3.93
Daniel H. Pink,3.93
Jason Fried,3.93
Dan   Harris,3.93
Guy Delisle,3.93
Natsuo Kirino,3.93
Susan Dennard,3.93
M.R. Carey,3.93
Elaine Pagels,3.93
Ernest J. Gaines,3.93
Deborah Ellis,3.93
M.C. Escher,3.93
Courtney Allison Moulton,3.93
Ali Novak,3.93
J.R. Moehringer,3.93
Jaci Burton,3.93
Roy Thomas,3.93
Samuel Taylor Coleridge,3.93
Sara Douglass,3.93
B.A. Paris,3.93
Harry Harrison,3.93
Peter M. Senge,3.93
Rebecca Solnit,3.93
Iain Pears,3.93
Jo Nesbø,3.93
Jonathan Cahn,3.93
Lucy Christopher,3.93
C.S. Friedman,3.93
Jack Finney,3.9299999999999997
Cynthia Voigt,3.9299999999999997
Sarah Dessen,3.9299999999999997
Terry Brooks,3.9295238095238094
Robert A. Heinlein,3.9292307692307693
Malcolm Gladwell,3.928
Virginia Woolf,3.928
Joan Didion,3.9274999999999998
Amitav Ghosh,3.926666666666667
Catherine Bybee,3.9266666666666663
Tom Robbins,3.92625
Graham Greene,3.9250000000000003
Bree Despain,3.925
Aimee Carter,3.925
Heather Burch,3.925
Stephen Fry,3.925
E.C. Diskin,3.925
John Green,3.9233333333333333
L. Frank Baum,3.9233333333333333
Mike Carey,3.9233333333333333
Evelyn Waugh,3.9233333333333333
Danielle Steel,3.92125
Margot Lee Shetterly,3.92
Justina Chen,3.92
Julie Maroh,3.92
Michael Punke,3.92
Michael Thomas Ford,3.92
David  Arnold,3.92
Megan McDonald,3.92
Danny Sugerman,3.92
Mineko Iwasaki,3.92
Stella Gibbons,3.92
Beth Hoffman,3.92
Rolf Potts,3.92
Katie Klein,3.92
Mircea Eliade,3.92
S.M. Stirling,3.92
Arthur Hailey,3.92
Stephen C. Lundin,3.92
Brad Meltzer,3.92
Amy Tintera,3.92
Tim Tebow,3.92
Tom Rath,3.92
Frederick Franck,3.92
Jana Deleon,3.92
James Agee,3.92
Robison Wells,3.92
Lawrence M. Krauss,3.92
John  Stephens,3.92
Harvey Karp,3.92
Christopher Paul Curtis,3.92
Emily Carroll,3.92
Paul Bowles,3.92
Charlie N. Holmberg,3.92
William R. Forstchen,3.92
Molly Harper,3.92
Daniel Woodrell,3.92
Rachel Simon,3.92
Gene Wolfe,3.92
Katherine Neville,3.92
Johann David Wyss,3.92
Christopher Buckley,3.92
Piers Anthony,3.918461538461538
Sue Grafton,3.917826086956522
Annie Proulx,3.9166666666666665
Fannie Flagg,3.91625
Erik Larson,3.9160000000000004
The Harvard Lampoon,3.915
Kristan Higgins,3.915
Sophie Jordan,3.915
Jenny  Lawson,3.915
Moira Young,3.915
Stephen R. Donaldson,3.914285714285714
Robert Louis Stevenson,3.914285714285714
Tana French,3.914
Sam Harris,3.914
Haruki Murakami,3.912857142857143
Pierre Boulle,3.91
Deanna Raybourn,3.91
Ridley Pearson,3.91
Julie Anne Peters,3.91
Don Piper,3.91
Emery Lord,3.91
C.J. Box,3.91
Anna Kendrick,3.91
John Elder Robison,3.91
Suketu Mehta,3.91
Lisa Lutz,3.91
Phyllis Reynolds Naylor,3.91
Stephen Colbert,3.91
Lissa Price,3.91
Phaedra Patrick,3.91
John Rawls,3.91
Walter Mosley,3.91
John Saul,3.91
Kōbō Abe,3.91
Paul Tough,3.91
Jean Craighead George,3.91
Nicholas Evans,3.91
Brian Azzarello,3.91
Richard Connell,3.91
Arundhati Roy,3.91
Simon Kuper,3.91
Alex Garland,3.91
Georg Wilhelm Friedrich Hegel,3.91
Robin Benway,3.91
Bart D. Ehrman,3.91
Brodi Ashton,3.9099999999999997
Alexander McCall Smith,3.9093333333333335
Aristotle,3.9075
Joseph J. Ellis,3.9066666666666663
S.E. Hinton,3.9066666666666663
Ira Levin,3.9066666666666663
Kendare Blake,3.9066666666666663
William Faulkner,3.906
Laurie Halse Anderson,3.9057142857142857
Aeschylus,3.9050000000000002
David Brin,3.905
Shannon Hale,3.9044444444444446
Jennifer Crusie,3.904
Mary Kay Andrews,3.90375
Nancy Thayer,3.9033333333333338
Robin Cook,3.9033333333333338
Tennessee Williams,3.9033333333333338
Alice Munro,3.9025
Charles Dickens,3.901875
Milan Kundera,3.901111111111111
Michael Cunningham,3.9000000000000004
Alain de Botton,3.9000000000000004
Jennifer L. Holm,3.9000000000000004
James Hilton,3.9
David Bach,3.9
J. Michael Straczynski,3.9
Julia Claiborne Johnson,3.9
David Hume,3.9
Misty Bernall,3.9
Marc Weissbluth,3.9
Judith Guest,3.9
David B.,3.9
Cynthia Kadohata,3.9
Krista Ritchie,3.9
Robert  Beatty,3.9
محمد المنسي قنديل,3.9
Terry Ryan,3.9
Jerome K. Jerome,3.9
Sara Pennypacker,3.9
Barbara Park,3.9
Sam Kean,3.9
Laurie Fabiano,3.9
Jim Thompson,3.9
Jocelyn Davies,3.9
Joe Navarro,3.9
Anne Fortier,3.9
Rick Warren,3.9
John Berendt,3.9
Linda Fairstein,3.9
Ernest Cline,3.9
Steven D. Levitt,3.9
Cath Crowley,3.9
Susanna Kaysen,3.9
Jeff Lemire,3.9
Charlaine Harris,3.9
Elizabeth Flock,3.9
Al Ries,3.9
Héctor Tobar,3.9
Denise Grover Swank,3.9
Kieron Gillen,3.9
Jaclyn Moriarty,3.9
Mary Karr,3.9
Oliver Pötzsch,3.8975
Junot Díaz,3.8966666666666665
Clive Cussler,3.8964285714285714
James Herbert,3.895
A.S. King,3.895
Fiona Carnarvon,3.8949999999999996
Jennifer Echols,3.8949999999999996
Patricia Highsmith,3.893333333333333
Rick Yancey,3.8925
Kate Chopin,3.8925
Bill Buford,3.89
Erlend Loe,3.89
Dan Jurgens,3.89
Chris dLacey,3.89
Poppy Z. Brite,3.89
Kevin Malarkey,3.89
Billy Crystal,3.89
Julia Cameron,3.89
Ken Robinson,3.89
Anatoli Boukreev,3.89
Michael Moorcock,3.89
Robert Graysmith,3.89
Richard Yates,3.89
Liz Kessler,3.89
Andrea Levy,3.89
Elizabeth George Speare,3.89
Frank Beddor,3.89
Naomi Wolf,3.89
Gilly Macmillan,3.89
Laurie Notaro,3.89
Elissa Wall,3.89
Lynne Reid Banks,3.89
Lucy Knisley,3.89
Yukio Mishima,3.89
Sarah Ockler,3.89
Jaycee Dugard,3.89
Laura Wiess,3.89
Diana L. Paxson,3.89
Sara Paretsky,3.89
Susan Coolidge,3.89
Jonathan Lethem,3.89
Susan Mallery,3.89
Keri Arthur,3.89
Sherry Argov,3.89
John Kennedy Toole,3.89
Jennifer Probst,3.89
Benedict Jacka,3.89
Emmy Laybourne,3.89
Lindsey Kelk,3.8899999999999997
William Shakespeare,3.888
Jonathan Tropper,3.8875
Chevy Stevens,3.8866666666666667
Steve Berry,3.8850000000000002
Brian Froud,3.885
Simon R. Green,3.885
Robert C. OBrien,3.885
E.M. Forster,3.885
Tim Winton,3.885
J.M. Coetzee,3.885
Justin Halpern,3.885
L.J. Smith,3.8847368421052635
Scott Westerfeld,3.8846153846153846
Orson Scott Card,3.8839130434782607
Caragh M. OBrien,3.8833333333333333
Agatha Christie,3.8833333333333333
Marilynne Robinson,3.8825
Henning Mankell,3.882
Carlos Ruiz Zafón,3.8816666666666664
China Miéville,3.8816666666666664
Holly Black,3.880714285714286
Jonathan Swift,3.8800000000000003
Émile Zola,3.8800000000000003
Elizabeth Reyes,3.88
Jonah Berger,3.88
Mo Hayder,3.88
Carolly Erickson,3.88
Niall Ferguson,3.88
Neil A. Fiore,3.88
Carrie Brownstein,3.88
M.J. Arlidge,3.88
Christopher Chabris,3.88
Jacqueline Davies,3.88
Eva Ibbotson,3.88
Perry Moore,3.88
Daniel Glattauer,3.88
Susan Vreeland,3.88
Frida Kahlo,3.88
Amy Zhang,3.88
Kimon Nicolaides,3.88
John Updike,3.88
Inga Muscio,3.88
Paula Hawkins,3.88
Lisa Jewell,3.88
David Perlmutter,3.88
Marilyn Manson,3.88
Kathryn Lasky,3.88
Vera Brosgol,3.88
Leonard Mlodinow,3.88
عزالدين شكري فشير,3.88
Rita Mae Brown,3.88
Jim Fergus,3.88
Augustine of Hippo,3.88
Margaret Leroy,3.88
Roger Fisher,3.88
E.L. Doctorow,3.88
Marti Olsen Laney,3.88
Kimberly Rae Miller,3.88
John D. Rateliff,3.88
Christopher Moore,3.8793333333333333
MaryJanice Davidson,3.8775
Charles Stross,3.876666666666667
Jon Meacham,3.875
Julia Alvarez,3.875
Guy de Maupassant,3.875
Michelle Knight,3.875
Dean Koontz,3.8737254901960783
Lisa McMann,3.8725
Claudia Gray,3.8716666666666666
John Steinbeck,3.871
Melvin Burgess,3.87
S.A. Bodeen,3.87
Olivia Goldsmith,3.87
Petra DurstBenning,3.87
Anchee Min,3.87
Rysa Walker,3.87
Robert Henri,3.87
Steven Hall,3.87
Bella Andre,3.87
Christopher Priest,3.87
Kate Brian,3.87
Joseph Fink,3.87
Daniel Clowes,3.87
Amy Sedaris,3.87
Georgia Byng,3.87
Arnaldur Indriðason,3.87
Sheri  Fink,3.87
Andrew  Smith,3.87
Julie   Murphy,3.87
Zora Neale Hurston,3.87
James D. Watson,3.87
Simon Schama,3.87
Lincoln Child,3.87
Elly Griffiths,3.87
Heather Dixon,3.87
Cory Doctorow,3.87
Alan Paton,3.87
Colum McCann,3.87
Katharine Hepburn,3.87
Thucydides,3.87
American Psychiatric Association,3.87
Brit Bennett,3.87
Anthony Hope,3.87
Adam Smith,3.87
Kelly Creagh,3.87
Elin Hilderbrand,3.8699999999999997
Andrew Clements,3.8699999999999997
V.C. Andrews,3.8699999999999997
Jojo Moyes,3.8683333333333336
Isabel Allende,3.867857142857143
Kate Atkinson,3.867142857142857
Jules Verne,3.8666666666666667
Elizabeth Eulberg,3.8666666666666667
Phaidon Press,3.865
Miranda Kenneally,3.865
Ami McKay,3.865
Cora Carmack,3.865
Mindy Kaling,3.865
J. Maarten Troost,3.865
Huntley Fitzpatrick,3.8649999999999998
Gabrielle Zevin,3.8633333333333333
Mary Pope Osborne,3.8633333333333333
Homer,3.8633333333333333
Anthony Bourdain,3.8625
Melissa de la Cruz,3.8625
Ernest Hemingway,3.860909090909091
Mary Roach,3.8600000000000003
Paula McLain,3.8600000000000003
Sara Gruen,3.8600000000000003
Catherine Coulter,3.86
Neil Patrick Harris,3.86
Marlon James,3.86
W. Chan Kim,3.86
Giovanni Boccaccio,3.86
William  Kennedy,3.86
Heidi Murkoff,3.86
Liane Moriarty,3.86
Austin Kleon,3.86
Nevada Barr,3.86
Lynne Truss,3.86
Katherine Hannigan,3.86
Edwidge Danticat,3.86
Frank De Felitta,3.86
Fareed Zakaria,3.86
Daniel J. Levitin,3.86
Eve Ensler,3.86
Jill Bolte Taylor,3.86
Mary Pipher,3.86
David Grann,3.86
Carlo Collodi,3.86
James Dickey,3.86
Laura Ruby,3.86
Anna Todd,3.8575
Seth Godin,3.856666666666667
Jen Hatmaker,3.856666666666667
Judy Blume,3.8563636363636364
Melissa Marr,3.8560000000000003
Brian Coffey,3.855
Patrick Carman,3.855
Geraldine Brooks,3.855
Chitra Banerjee Divakaruni,3.8533333333333335
Maeve Binchy,3.852727272727273
Gillian Flynn,3.8525
Thomas Pynchon,3.8525
James Dashner,3.8519999999999994
Mary Higgins Clark,3.850952380952381
Mark Twain,3.85
Diane Mowat,3.85
Arthur C. Clarke,3.85
Kami Garcia,3.85
Kennilworthy Whisp,3.85
Suki Kim,3.85
Ann Cleeves,3.85
Sue Townsend,3.85
Cristina Henríquez,3.85
Sally Bedell Smith,3.85
Khushwant Singh,3.85
Kenneth H. Blanchard,3.85
H.P. Mallory,3.85
Beth Fantaskey,3.85
Dawn J. Ranck,3.85
Vicki Myron,3.85
Nicholas Carr,3.85
Mike Birbiglia,3.85
Caroline Kepnes,3.85
Ben Mikaelsen,3.85
Carol Lynch Williams,3.85
Chris Guillebeau,3.85
Gary Vaynerchuk,3.85
Miguel de Cervantes Saavedra,3.85
Roddy Doyle,3.85
Lindsay Ashford,3.85
Hannah  Green,3.85
Sarah Rees Brennan,3.85
Scott Sigler,3.85
Kerrelyn Sparks,3.85
Stendhal,3.85
Joshua Foer,3.85
Aziz Ansari,3.85
Alexandra Adornetto,3.85
David Lebovitz,3.85
Robin S. Sharma,3.85
Cressida Cowell,3.85
Matthew Norman,3.85
Kate Douglas Wiggin,3.85
Spencer Quinn,3.85
Karen Armstrong,3.85
Natalie Babbitt,3.85
Alex   Sanchez,3.85
David McRaney,3.85
Betty Friedan,3.85
Mary Lawson,3.85
Edmund de Waal,3.85
Immanuel Kant,3.8499999999999996
Stephenie Meyer,3.8469230769230767
Gabriel García Márquez,3.8466666666666662
Matthew Quick,3.8466666666666662
Edgar Rice Burroughs,3.8466666666666662
Essam Youssef,3.8466666666666662
Susan Beth Pfeffer,3.8466666666666662
Dava Sobel,3.845
Gwyn Hyman Rubio,3.8449999999999998
Maggie OFarrell,3.8449999999999998
Dee Lestari,3.844
Lev Grossman,3.8433333333333337
Carrie Ryan,3.8433333333333337
Johann Wolfgang von Goethe,3.8433333333333337
William Gibson,3.8423076923076924
Ralph Ellison,3.84
Lilian Jackson Braun,3.84
Wiley Cash,3.84
Sylvain Neuvel,3.84
Daniel Tammet,3.84
Michael Dorris,3.84
Stephanie Bond,3.84
Jacquelyn Mitchard,3.84
Aristophanes,3.84
Keith Richards,3.84
August Wilson,3.84
Mark Dunn,3.84
L.E. Modesitt Jr.,3.84
Jodee Blanco,3.84
J.J. Abrams,3.84
Elizabeth Norris,3.84
Joanne Harris,3.84
Rita Golden Gelman,3.84
Kerry Lonsdale,3.84
Susan Sontag,3.84
Obert Skye,3.84
Donny Dhirgantoro,3.84
Betty Edwards,3.84
Carrie Vaughn,3.84
Helen Gardner,3.84
Lily King,3.84
William Nicholson,3.84
Barry Schwartz,3.84
Laura Moriarty,3.84
Sherwood Anderson,3.84
Simon Winchester,3.8366666666666664
Patricia Cornwell,3.836153846153846
Jon Ronson,3.835
Laurie Faria Stolarz,3.835
Paul Auster,3.8344444444444443
Margaret Atwood,3.833076923076923
Salman Rushdie,3.8328571428571427
Tom Wolfe,3.832
Jodi Picoult,3.8304166666666664
Theodore Dreiser,3.83
Jill Mansell,3.83
Steven Levy,3.83
Shiv Khera,3.83
Larry Bossidy,3.83
Gennifer Choldenko,3.83
Patricia Schultz,3.83
Benjamin Franklin,3.83
Chelsea Fine,3.83
John OHara,3.83
Dominic Smith,3.83
Jeffrey D. Sachs,3.83
Eric    Weiner,3.83
Banana Yoshimoto,3.83
James Howe,3.83
Iris Murdoch,3.83
Jessi Klein,3.83
Mark  Edwards,3.83
John Perkins,3.83
Peter Heller,3.83
Thomas Frank,3.83
Banksy,3.83
Rachel Hauck,3.83
Harriet Beecher Stowe,3.83
Laura Whitcomb,3.83
Charles Burns,3.83
John Verdon,3.83
Paul Neilan,3.83
J. Sheridan Le Fanu,3.83
Stephen Davis,3.83
Ian Rankin,3.83
Patrick deWitt,3.83
Hannu Rajaniemi,3.83
Rob Sheffield,3.83
Danielle  Paige,3.83
Hillary Jordan,3.83
Chris Anderson,3.83
Marybeth Mayhew Whalen,3.83
Sonya Sones,3.83
Smith Henderson,3.83
Stephen Greenblatt,3.83
Hazel Gaynor,3.83
Euripides,3.83
Helen Simonson,3.83
Jennifer Haigh,3.83
Roger Lea MacBride,3.83
Portia de Rossi,3.83
Lisa See,3.8299999999999996
Carl Hiaasen,3.829411764705882
Lauren Kate,3.828333333333333
Irvine Welsh,3.8280000000000003
Richard Russo,3.8280000000000003
Leigh Nichols,3.8280000000000003
Thomas Harris,3.8274999999999997
Willa Cather,3.8266666666666667
Susanna Clarke,3.825
Lauren Barnholdt,3.825
Danny Gregory,3.825
Kimberly McCreight,3.825
Mark Kurlansky,3.825
Jonathan Harr,3.825
Libba Bray,3.8249999999999997
Thomas Hardy,3.8249999999999997
Jerry Spinelli,3.8240000000000003
Wally Lamb,3.8240000000000003
Rachel Joyce,3.8233333333333337
Ross King,3.823333333333333
Frank McCourt,3.8200000000000003
James Joyce,3.8200000000000003
Roland Merullo,3.82
Ava Dellaira,3.82
Emily Brontë,3.82
Marina Keegan,3.82
Steve Harvey,3.82
Camille Pagán,3.82
Aron Ralston,3.82
Anna Jean Mayhew,3.82
Kaui Hart Hemmings,3.82
Sapphire,3.82
Ben H. Winters,3.82
Alan Bennett,3.82
Jeff Brown,3.82
Guy Kawasaki,3.82
Jay Anson,3.82
Therese Anne Fowler,3.82
بهاء طاهر,3.82
Daniel Todd Gilbert,3.82
Confucius,3.82
Courtney Milan,3.82
Edward P. Jones,3.82
Tom Franklin,3.82
Irène Némirovsky,3.82
Paul Tremblay,3.82
F. Scott Fitzgerald,3.8183333333333334
Amish Tripathi,3.818
Philippa Gregory,3.817857142857143
Kody Keplinger,3.8166666666666664
Katherine Paterson,3.8166666666666664
أحمد مراد,3.815
Toni Morrison,3.815
Ann Patchett,3.8137499999999998
Augusten Burroughs,3.813333333333333
حسن الجندي,3.813333333333333
Thomas L. Friedman,3.813333333333333
Cecelia Ahern,3.811
E.D. Baker,3.81
Trish Doller,3.81
John Corey Whaley,3.81
Ben Fountain,3.81
John Hodgman,3.81
Habiburrahman ElShirazy,3.81
David A. Vise,3.81
Will Schwalbe,3.81
Robin Oliveira,3.81
Amy Poehler,3.81
Bill Clegg,3.81
Edwin A. Abbott,3.81
Jamie Ford,3.81
Kady Cross,3.81
Marcia Clark,3.81
Zilpha Keatley Snyder,3.81
Michael D. Watkins,3.81
Camilla Läckberg,3.81
Steve Niles,3.81
Eric Berne,3.81
Gary Paulsen,3.81
Ayşe Kulin,3.81
Thomas Cahill,3.81
Jesmyn Ward,3.81
Donna Leon,3.81
Wassily Kandinsky,3.81
Al Franken,3.81
Samuel Beckett,3.81
Lisa ODonnell,3.81
Eric Clapton,3.81
Travis Bradberry,3.81
تامر إبراهيم,3.81
Donna Russo Morin,3.81
Virgil,3.81
Arturo PérezReverte,3.8099999999999996
Amy Tan,3.8083333333333336
Jack Kerouac,3.808
Anna Godbersen,3.8075
H.G. Wells,3.8066666666666666
Saul Bellow,3.8066666666666666
Honoré de Balzac,3.8049999999999997
Sandra Dallas,3.8049999999999997
Alex Flinn,3.8049999999999997
Kelly Corrigan,3.8049999999999997
Meg Cabot,3.804054054054054
Maureen Johnson,3.8033333333333332
Alyson Noel,3.801428571428571
Daisy Goodwin,3.8000000000000003
Lauren DeStefano,3.8000000000000003
Paul Beatty,3.8
Richard H. Thaler,3.8
John Milton,3.8
Scott ODell,3.8
Matthew      Lewis,3.8
James Surowiecki,3.8
Isabel Wolff,3.8
Jay Asher,3.8
Emily Bleeker,3.8
Erich Segal,3.8
Marcus Samuelsson,3.8
Sarah Vowell,3.8
Judith Krantz,3.8
Heather Cocks,3.8
Tracy Brogan,3.8
Amanda Knox,3.8
David Guterson,3.8
Jane Hamilton,3.8
Diane Duane,3.8
H.W. Janson,3.8
Jean Anouilh,3.8
Sheri Reynolds,3.8
Mark    Adams,3.8
Lucinda Riley,3.8
Leil Lowndes,3.8
Sally Green,3.8
Myra McEntire,3.8
Kathy Griffin,3.8
H. Rider Haggard,3.8
David R. Gillham,3.8
Timothy Ferriss,3.8
Nella Larsen,3.8
Malcolm Lowry,3.8
Carlos Fuentes,3.8
Miranda Hart,3.8
Keith Ferrazzi,3.8
Stephanie Kallos,3.8
Tom Rob Smith,3.796666666666667
Marie Kondō,3.795
V.S. Naipaul,3.795
Jack Welch,3.795
Anna Carey,3.795
Elizabeth Berg,3.795
Dan Brown,3.7942857142857145
John Locke,3.793333333333333
Richard Bachman,3.7925
Chelsea Handler,3.7900000000000005
Donna Tartt,3.7900000000000005
Amanda Foreman,3.79
Rolf Dobelli,3.79
Andy Cohen,3.79
John Stuart Mill,3.79
Mildred D. Taylor,3.79
Julie Klassen,3.79
Glenn Beck,3.79
Megan Miranda,3.79
Nancy Pickard,3.79
Alex Rosenberg,3.79
Christopher Marlowe,3.79
Howard Schultz,3.79
Lori Lansens,3.79
Kate Grenville,3.79
Ernesto Che Guevara,3.79
Cat Patrick,3.79
Per Petterson,3.79
D.M. Pulley,3.79
Simon Garfield,3.79
Nathan Filer,3.79
Alan Weisman,3.79
Josh Bazell,3.79
Mhairi McFarlane,3.79
Anderson Cooper,3.79
Sean Patrick,3.79
Scarlett Thomas,3.79
Haven Kimmel,3.79
Kingsley Amis,3.79
Marlo Morgan,3.79
Susane Colasanti,3.7875
Graeme Simsion,3.785
Lauren Oliver,3.785
Miriam Toews,3.785
Sigmund Freud,3.785
Anna Quindlen,3.7842857142857147
Michel Houellebecq,3.7824999999999998
Jean M. Auel,3.7816666666666663
Anne Brontë,3.7800000000000002
Rosamund Lupton,3.7800000000000002
Jonah Lehrer,3.7800000000000002
Harper Lee,3.7800000000000002
Henry Miller,3.7800000000000002
Ann Leary,3.7800000000000002
Lorna Landvik,3.78
Naoki Higashida,3.78
Erica Bauermeister,3.78
Nathanael West,3.78
Robyn Schneider,3.78
Melissa Nathan,3.78
Patricia Gaffney,3.78
Niccolò Machiavelli,3.78
Julia Heaberlin,3.78
Natasha Solomons,3.78
Celeste Ng,3.78
R. Scott Bakker,3.78
Kate Clifford Larson,3.78
G. Norman Lippert,3.78
Charlotte Brontë,3.78
Gwen Hayes,3.78
Kristen Simmons,3.78
J.D. Horn,3.78
Tony Hawks,3.78
Giorgio Vasari,3.78
Sue Monk Kidd,3.78
Amy  Stewart,3.78
Nickolas Butler,3.78
Anne Rice,3.7782608695652176
George Eliot,3.778
Jonas Jonasson,3.7750000000000004
Sarah Dunant,3.775
Max Barry,3.775
Rachel Cohn,3.775
Jenny Downham,3.77
Natasha Friend,3.77
R.L. Stine,3.77
Simon Wood,3.77
Edie Claire,3.77
Nicci French,3.77
Carolyn Mackler,3.77
Nick Flynn,3.77
Federico García Lorca,3.77
Sarah Pinborough,3.77
Debra Dean,3.77
Katee Robert,3.77
Beatrice Sparks,3.77
A.S. Byatt,3.77
Wes  Moore,3.77
Kim Carpenter,3.77
Brian Kilmeade,3.77
Andy Warhol,3.77
Annette Curtis Klause,3.77
Louise Jensen,3.77
J. Ryan Stradal,3.77
Rob Lowe,3.77
Elizabeth  Smart,3.77
Ellis Avery,3.77
George W. Bush,3.77
Joe Hart,3.77
Kathleen Kent,3.77
Paolo Bacigalupi,3.77
Zoe Sugg,3.77
David Almond,3.77
Barbara Delinsky,3.766666666666667
John Grisham,3.7661111111111114
Kim Stanley Robinson,3.7659999999999996
Lauren Graham,3.765
Elizabeth Scott,3.765
Marisa de los Santos,3.7649999999999997
Dan Ariely,3.763333333333333
Amy Ewing,3.763333333333333
Ann Brashares,3.761428571428571
Åsne Seierstad,3.76
William Makepeace Thackeray,3.76
KyungSook Shin,3.76
Franklin Foer,3.76
Rhys Bowen,3.76
Steve Alten,3.76
Lori Brighton,3.76
Paul Pen,3.76
Alice McDermott,3.76
Janne Teller,3.76
A.J. Jacobs,3.76
Firoozeh Dumas,3.76
Muriel Spark,3.76
Voltaire,3.76
Jenna Black,3.76
Amy Schumer,3.76
Marguerite Duras,3.76
Bill Dedman,3.76
Peter Carey,3.76
P.B. Kerr,3.76
Robert M. Pirsig,3.76
أحلام مستغانمي,3.758
Alice Hoffman,3.755714285714286
Chuck Klosterman,3.7550000000000003
Juan Gabriel Vásquez,3.755
Rebecca Forster,3.755
James Frey,3.755
Lisi Harrison,3.7533333333333334
Ian Fleming,3.7525
Steve Perry,3.75
Greg Mortenson,3.75
Walter Scott,3.75
Robert M. Edsel,3.75
Martha Stout,3.75
JeanJacques Rousseau,3.75
Jenna Jameson,3.75
Sebastian Barry,3.75
Ori Brafman,3.75
Robin Sloan,3.75
John Berger,3.75
Alexandra Potter,3.75
Max Frisch,3.75
Thomas Rockwell,3.75
Philip Roth,3.75
Annie Barrows,3.75
Michel Faber,3.75
Adam Gopnik,3.75
AnnaLisa Grant,3.75
Amanda Coplin,3.75
Barack Obama,3.75
Helen Bryan,3.75
John Tiffany,3.75
James   McBride,3.75
Doris Lessing,3.75
Linda Lafferty,3.75
Ibraheem Abbas,3.75
Mary Wollstonecraft Shelley,3.75
Robert Hicks,3.75
M.C. Beaton,3.75
Matthew Mather,3.75
Kate Andersen Brower,3.75
Sidney Sheldon,3.7494444444444444
Dave Eggers,3.7475
Anita Diamant,3.7475
J.G. Ballard,3.7466666666666666
Guillermo del Toro,3.7466666666666666
Jeff Lindsay,3.746
David  Brooks,3.745
Martin Amis,3.745
Jeffrey Eugenides,3.7433333333333336
Sophocles,3.7433333333333336
Washington Irving,3.74
Young Kim,3.74
Hester Browne,3.74
Rosamund Hodge,3.74
Jay McInerney,3.74
Theodore Taylor,3.74
Seanan McGuire,3.74
Kevin Powers,3.74
Sarah Mlynowski,3.74
Tom Standage,3.74
Gennifer Albin,3.74
Victoria Finlay,3.74
Rudolfo Anaya,3.74
Charlie Lovett,3.74
Marisha Pessl,3.74
William Paul Young,3.74
Spencer Johnson,3.74
Steven  Rowley,3.74
Thomas E. Sniegoski,3.74
Kathryn Croft,3.74
Laurence Sterne,3.74
Helen Macdonald,3.74
Yangsze Choo,3.74
Douglas E. Richards,3.74
Shari Lapena,3.74
David Farland,3.74
Henrik Ibsen,3.74
Corina Bomann,3.74
Sara B. Larson,3.74
Laura  Barnett,3.74
Shana Norris,3.74
Julianna Baggott,3.74
Addison Moore,3.74
Umberto Eco,3.7399999999999998
Richard Castle,3.736666666666667
Douglas Coupland,3.7357142857142853
Charles Frazier,3.7350000000000003
Gustave Flaubert,3.7350000000000003
T.C. Boyle,3.7350000000000003
Carol Shields,3.735
Tatiana de Rosnay,3.735
Sara Zarr,3.733333333333333
Frances Mayes,3.7300000000000004
Jack Gantos,3.7300000000000004
Laura McHugh,3.73
Jenny OConnell,3.73
Erskine Caldwell,3.73
Ken Akamatsu,3.73
Amy Efaw,3.73
Eric Schlosser,3.73
Karen Hesse,3.73
Bernhard Schlink,3.73
Richard   Phillips,3.73
Babe Walker,3.73
Robert Hughes,3.73
Claire LaZebnik,3.73
Christina Schwarz,3.73
Jodi Meadows,3.73
David Axton,3.73
Ben Okri,3.73
Mary Elizabeth Braddon,3.73
Katie Cotugno,3.73
Henry Fielding,3.73
Derf Backderf,3.73
David Lagercrantz,3.73
Catherine Gilbert Murdock,3.73
Peter Høeg,3.73
Cathy Hopkins,3.73
Sara Ryan,3.73
Genevieve Cogman,3.73
Neil Strauss,3.73
Muriel Barbery,3.73
Leslie Marmon Silko,3.73
Debora Geary,3.73
Dorothea Benton Frank,3.7266666666666666
Melanie Benjamin,3.725
Noah Hawley,3.7249999999999996
Jennifer E. Smith,3.723333333333333
Michael Ondaatje,3.7225
Caroline Preston,3.72
Bill Clinton,3.72
Ford Madox Ford,3.72
Tawni ODell,3.72
Paul Murray,3.72
Nic Pizzolatto,3.72
Joanne Fluke,3.72
E. Lockhart,3.72
Lorraine Hansberry,3.72
Amélie Nothomb,3.72
Upton Sinclair,3.72
Kevin Kwan,3.72
Lolly Winston,3.72
Jenna Miscavige Hill,3.72
Sarah Waters,3.72
Hanif Kureishi,3.72
Julie Gregory,3.72
Lance Armstrong,3.72
Christian Rudder,3.72
Christina McKenna,3.72
Jenny McCarthy,3.72
Ellen DeGeneres,3.72
Caroline B. Cooney,3.72
John Darnielle,3.72
Maxine Hong Kingston,3.72
Lauren Morrill,3.72
Jenny Offill,3.72
Patricia MacLachlan,3.72
Jessica Anthony,3.72
Molière,3.7199999999999998
Marian Keyes,3.7191666666666667
Tracy Chevalier,3.7183333333333333
Edith Wharton,3.7175000000000002
Thornton Wilder,3.715
Jennifer  McMahon,3.715
Mohsin Hamid,3.715
Colson Whitehead,3.7133333333333334
R.D. Blackmore,3.71
Laura C. Schlessinger,3.71
G.P. Ching,3.71
Gemma Malley,3.71
Gabrielle Hamilton,3.71
Robert Morgan,3.71
Caitlin Moran,3.71
Sophia Amoruso,3.71
Blue Balliett,3.71
François Rabelais,3.71
Orhan Pamuk,3.71
Kaye Gibbons,3.71
NoViolet Bulawayo,3.71
عبدالله المغلوث,3.71
Nick Cutter,3.71
William  Davis,3.71
Louise Doughty,3.71
Georges Bataille,3.71
Jacqueline Sheehan,3.71
Tayeb Salih,3.71
Aravind Adiga,3.71
Mary Kubica,3.7099999999999995
Rob Bell,3.7099999999999995
Lisa Scottoline,3.70875
John Irving,3.7075
Scott B. Smith,3.705
Lars Kepler,3.705
Karen Cushman,3.705
Ayn Rand,3.7020000000000004
Julian Barnes,3.7
Thomas A. Harris,3.7
Donald McCaig,3.7
Katherine Howe,3.7
Eleanor Catton,3.7
Cammie McGovern,3.7
Yasunari Kawabata,3.7
Jane Smiley,3.7
Joyce Carol Oates,3.7
Janet Fitch,3.7
J.P. Delaney,3.7
Alex Lake,3.7
Emma Healey,3.7
Piper Kerman,3.7
Howard Dully,3.7
Pearl Cleage,3.7
Walter Dean Myers,3.7
Walker Percy,3.7
Avi,3.7
Keary Taylor,3.7
Sonali Deraniyagala,3.7
Jill Conner Browne,3.7
Matthew  Thomas,3.7
Alan Hollinghurst,3.7
Jacqueline Susann,3.7
Ann Hood,3.7
Pascal Mercier,3.7
Jonathan Franzen,3.6999999999999997
Miranda July,3.6950000000000003
Sinclair Lewis,3.6950000000000003
Joshua Harris,3.695
Sophie Kinsella,3.694
Michael Chabon,3.6916666666666664
Lauren Willig,3.69
Jane Lynch,3.69
Kim van Alkemade,3.69
James Andrew Miller,3.69
Hugh Laurie,3.69
John Gardner,3.69
Lesley Livingston,3.69
Gretchen Rubin,3.69
Anaïs Nin,3.69
Jim Gaffigan,3.69
William C. Dietz,3.69
Megan Shepherd,3.69
Sarah Crossan,3.69
Richard Price,3.69
Kim Gruenenfelder,3.69
James Fenimore Cooper,3.69
Gayle Tzemach Lemmon,3.69
Zoë Heller,3.69
C.J. Redwine,3.69
Chris Bohjalian,3.69
René Descartes,3.686666666666667
Carrie Fisher,3.685
David Ebershoff,3.685
Richard Ford,3.6833333333333336
Emily Giffin,3.6825
Susan Hill,3.68
Graham Swift,3.68
Oscar Hijuelos,3.68
Amazon,3.68
Jo Walton,3.68
John Lanchester,3.68
Rachael Ray,3.68
Arianna Huffington,3.68
خالد الخميسي,3.68
Amanda Brown,3.68
Eben Alexander,3.68
Dolen PerkinsValdez,3.68
Sarah Turnbull,3.68
Mary McGarry Morris,3.68
Johanna Edwards,3.68
Austin Grossman,3.68
Nicole Krauss,3.68
Randy Susan Meyers,3.68
S.K. Tremayne,3.68
Karen Miller,3.6799999999999997
Owen  West,3.675
Sue Miller,3.67
Pamela Des Barres,3.67
Elizabeth Bard,3.67
Gemma Halliday,3.67
Deborah Feldman,3.67
Daniel H. Wilson,3.67
David Nicholls,3.67
Karen Russell,3.67
Ruth Ware,3.67
Mariko Tamaki,3.67
Jordan Belfort,3.67
Jess Walter,3.67
Sarah Winman,3.67
Denis Leary,3.67
David Bayles,3.67
Julie Powell,3.67
Melinda Haynes,3.67
Catherine Fisher,3.67
Jennifer Weiner,3.6666666666666665
Ian Edginton,3.665
Lionel Shriver,3.6633333333333336
Steve Martin,3.6625
Jacqueline Wilson,3.6625
Michael Crichton,3.6605882352941173
Mason Currey,3.66
Lloyd Jones,3.66
Paul  Hoffman,3.66
Amy Waldman,3.66
Donald J. Trump,3.66
Cara Lockwood,3.66
Cynthia Swanson,3.66
عمرو سلامة,3.66
A.M. Homes,3.66
Bette Greene,3.66
Hillary Rodham Clinton,3.66
Bertolt Brecht,3.66
Thomas Hobbes,3.66
Denise Kiernan,3.66
Susan Elia MacNeal,3.66
Kevin J. Anderson,3.6550000000000002
William S. Burroughs,3.6550000000000002
Kass Morgan,3.6550000000000002
P.D. James,3.655
Jennifer McMahon,3.6533333333333338
Elizabeth Gilbert,3.6525
Greg Behrendt,3.65
Chris Cleave,3.65
Nora Ephron,3.65
Alice LaPlante,3.65
Pattie Boyd,3.65
Nancy Horan,3.65
Martin Sixsmith,3.65
Elizabeth Kostova,3.65
Peggy Orenstein,3.65
Betty White,3.65
Melanie Gideon,3.65
Sandy   Hall,3.65
Beth Harbison,3.65
Kazuo Ishiguro,3.6483333333333334
A.N. Roquelaure,3.6475
Brian Herbert,3.6466666666666665
Rebecca Wells,3.6466666666666665
Julie Otsuka,3.645
Victoria Helen Stone,3.64
Angela Flournoy,3.64
Madeleine Roux,3.64
Bret Lott,3.64
Kim Edwards,3.64
Daniel Wallace,3.64
William Golding,3.64
Nick Offerman,3.64
Carrie Anne Noble,3.64
Karen Thompson Walker,3.64
Anthony Ryan,3.64
Elizabeth Strout,3.6399999999999997
Kate Mosse,3.6399999999999997
Anne Tyler,3.637272727272727
Arthur Miller,3.6366666666666667
Don DeLillo,3.636
Jeanne DuPrau,3.635
Colin Meloy,3.63
Jennifer Close,3.63
Esi Edugyan,3.63
Amanda Grange,3.63
Cynthia Bond,3.63
Marieke Nijkamp,3.63
Dai Sijie,3.63
Lorrie Moore,3.63
Thomas C. Foster,3.63
Emma Donoghue,3.625
Rashmi Bansal,3.62
Françoise Sagan,3.62
Tori Spelling,3.62
Esther Forbes,3.62
Leslie Jamison,3.62
Stacy Schiff,3.62
Malinda Lo,3.62
Jo Baker,3.62
Phillip C. McGraw,3.62
Geneen Roth,3.62
Joseph Conrad,3.611666666666667
Robert Cormier,3.6100000000000003
Henry James,3.6100000000000003
Jason F. Wright,3.61
Cathy Marie Buchanan,3.61
Lauren Henderson,3.61
Justin Torres,3.61
Amy Chua,3.61
Edward Bloor,3.61
Ali Smith,3.61
Chinua Achebe,3.61
Ben Mezrich,3.61
Ryū Murakami,3.61
D.H. Lawrence,3.6075
Colm Tóibín,3.606666666666667
James Redfield,3.605
Maria Dahvana Headley,3.6
Maggie Shipstead,3.6
M.O. Walsh,3.6
John Buchan,3.6
Barbara Ehrenreich,3.6
David Wroblewski,3.6
Luke Rhinehart,3.6
Lene Kaaberbøl,3.6
Kevin    Wilson,3.6
Heidi W. Durrow,3.6
Wednesday Martin,3.6
Jeffery Hudson,3.6
Mathias Malzieu,3.6
John Searles,3.6
Deborah Rodriguez,3.5999999999999996
Anita Shreve,3.5984615384615384
Lauren Groff,3.5966666666666662
Jane Green,3.5907692307692307
Grady Hendrix,3.59
Margot Livesey,3.59
Audrey Niffenegger,3.59
Cecily von Ziegesar,3.59
Han Kang,3.59
Tim Johnston,3.59
Janice  Thompson,3.59
Raditya Dika,3.59
Erika Swyler,3.59
Ally Condie,3.5866666666666664
Jeff VanderMeer,3.5833333333333335
Daniel Defoe,3.58
Kim Gordon,3.58
Meg Rosoff,3.58
Paul Zindel,3.58
Elisabeth Egan,3.58
D.B.C. Pierre,3.58
Gavin Menzies,3.58
Renée Knight,3.58
Ashwin Sanghi,3.58
Jesse Andrews,3.58
Robert Masello,3.58
Laura Dave,3.58
Paolo Giordano,3.58
Jessie Burton,3.58
Gary Ezzo,3.58
Charlie Jane Anders,3.58
Chuck Palahniuk,3.57625
Anne Rampling,3.575
Tucker Max,3.575
Elizabeth Wurtzel,3.57
Roderick Gordon,3.57
Raymond Khoury,3.57
Robert W. Chambers,3.57
Sandra Cisneros,3.57
Azar Nafisi,3.57
Rachel Dratch,3.57
R.D. Ronald,3.565
Laline Paull,3.565
Madeleine Wickham,3.565
Brenna Yovanoff,3.56
Julia Glass,3.56
Drew Barrymore,3.56
John Knowles,3.56
Anita Brookner,3.56
Jean Rhys,3.56
Arthur Nersesian,3.56
Carolyn  Parkhurst,3.56
Katarina Bivald,3.56
Paulo Coelho,3.5566666666666666
S.J. Watson,3.555
Ian McEwan,3.553636363636364
Darcie Chan,3.55
Joanna Trollope,3.55
Alexandra Horowitz,3.55
Myla Goldberg,3.55
Tony Parsons,3.55
Edmund Spenser,3.55
ياسر حارب,3.55
Joyce Maynard,3.55
Unknown,3.55
Suzanne Weyn,3.55
Stephen Crane,3.546666666666667
Maria Semple,3.545
محمد صادق,3.543333333333333
Laura Lippman,3.5400000000000005
Diablo Cody,3.54
Sarah Thornton,3.54
Morton Rhue,3.54
Stephen Clarke,3.54
Dan Chaon,3.54
Tom Rachman,3.54
Sid Fleischman,3.54
M.T. Anderson,3.54
Lauren Beukes,3.54
Preeti Shenoy,3.54
Paula Brackston,3.54
أحمد خالد توفيق,3.5366666666666666
Jennifer Egan,3.535
Anna Maxted,3.53
Tim Tharp,3.53
Amy Gentry,3.53
Kate Hamer,3.53
Mira Lyn Kelly,3.53
Bret Easton Ellis,3.5285714285714285
Nick Hornby,3.5244444444444443
عمر طاهر,3.52
John Gray,3.52
Ron Rash,3.52
Sarah Silverman,3.52
Barbara Taylor Sissel,3.52
Clare Naylor,3.52
Zadie Smith,3.5160000000000005
Curtis Sittenfeld,3.515
Nina George,3.51
Robert James Waller,3.51
Sarah BlakleyCartwright,3.51
حسن كمال,3.51
Gigi Levangie Grazer,3.51
Karl Marx,3.51
Jed Rubenfeld,3.51
Paul Torday,3.51
Jane Shemilt,3.51
Sarah Macdonald,3.51
Yann Martel,3.505
Mark Helprin,3.5
Cherie Priest,3.5
Teju Cole,3.5
Meg Wolitzer,3.5
Koren Zailckas,3.5
Thomas More,3.5
أثير عبدالله النشمي,3.5
Brady Udall,3.5
Seth GrahameSmith,3.49
Daniel Handler,3.49
L. Ron Hubbard,3.49
Emma Cline,3.49
Fiona Barton,3.49
Uwem Akpan,3.49
The Waiter,3.49
John Banville,3.49
Melissa Senate,3.49
Alaa Al Aswany,3.49
Ha Jin,3.49
Herman Melville,3.483333333333333
Jessica Knoll,3.48
Geoffrey Chaucer,3.48
Mireille Guiliano,3.48
Alex Marwood,3.48
Lauren Conrad,3.4766666666666666
Ravinder Singh,3.475
Steve Hockensmith,3.47
Glen Duncan,3.47
Steven Tyler,3.47
Michael Baigent,3.47
Breena Clarke,3.47
François Lelord,3.47
Michelle Richmond,3.46
Rachel Kushner,3.46
Alisa Valdes,3.46
Rachel Ward,3.46
Lauren Myracle,3.46
Siobhan Vivian,3.46
Brunonia Barry,3.46
Morgan Rice,3.46
Ayana Mathis,3.46
يوسف زيدان,3.4525
Sloane Crosley,3.45
Joshua Ferris,3.45
Cynthia DAprix Sweeney,3.45
Kate Jacobs,3.4400000000000004
Rachel Bertsche,3.44
Kate Alcott,3.44
Timur Vermes,3.44
Stephanie Evanovich,3.44
Alexandra Ripley,3.44
Miranda BeverlyWhittemore,3.44
Catherine McKenzie,3.44
Erica Jong,3.44
Elizabeth  Little,3.44
Diane Ackerman,3.44
Nujood Ali,3.435
Nick Cave,3.43
Lucie Whitehouse,3.43
Kate Summerscale,3.43
Helen Fielding,3.425
Garth Risk Hallberg,3.42
Liza Klaussmann,3.42
Jami Attenberg,3.42
Russell Brand,3.42
Chris Pavone,3.42
Mark Haddon,3.4133333333333336
Tom Perrotta,3.41
Ann Packer,3.41
Kiran Desai,3.41
Jennifer Chiaverini,3.41
Nathaniel Hawthorne,3.41
Danielle Trussoni,3.41
Alice Sebold,3.4033333333333338
Holly Madison,3.4
Emma McLaughlin,3.4
Joseph ONeill,3.4
James Lincoln Collier,3.39
Jessica Seinfeld,3.39
Karen Joy Fowler,3.3899999999999997
Gregory Maguire,3.382857142857143
Matthew Pearl,3.38
Monica Ali,3.38
Ottessa Moshfegh,3.38
Téa Obreht,3.37
Paul Harding,3.37
Marina Lewycka,3.37
Gary Shteyngart,3.365
A. Manette Ansay,3.36
Eleanor Brown,3.36
Plum Sykes,3.36
Ira Wagler,3.36
Lauren Weisberger,3.3519999999999994
J. Courtney Sullivan,3.3499999999999996
Michael Moore,3.3499999999999996
Helen Oyeyemi,3.34
Anton DiSclafani,3.34
Rory Freedman,3.34
Alissa Nutting,3.34
Pauline Réage,3.34
Lena Dunham,3.33
A.J. Banner,3.33
Sarah Lotz,3.32
Janice Y.K. Lee,3.32
Candace Bushnell,3.3166666666666664
Herman Koch,3.305
Adelle Waldman,3.3
Allison Pearson,3.3
A.S.A. Harrison,3.3
Sarah Blake,3.3
محمد السالم,3.3
Emma Straub,3.295
Melissa Bank,3.29
Jason Mott,3.29
Dean R. Koontz,3.29
Stephanie Danler,3.28
Sarah Palin,3.28
Tonya Hurley,3.28
Megan Abbott,3.266666666666667
Lily Koppel,3.26
Robert Goolrick,3.25
Jill Alexander Essbaum,3.24
Ian Caldwell,3.22
Edan Lepucki,3.22
Amy Bloom,3.21
Durjoy Datta,3.21
Charlotte Rogan,3.2
Aimee Bender,3.19
Horace Walpole,3.18
Rajaa Alsanea,3.17
Rhoda Janzen,3.17
Christos Tsiolkas,3.16
Chuck Wendig,3.15
Adolf Hitler,3.13
Claire Messud,3.12
أحمد حلمي,3.1
Chetan Bhagat,3.0866666666666664
Anne Enright,3.04
خالد الباتلي,3.04
Julia Pierpont,2.84
Howard Jacobson,2.76
