authors,ratings_count
J.K. Rowling,16036005
Suzanne Collins,8646393
Stephenie Meyer,8512437
Stephen King,8250167
J.R.R. Tolkien,5454844
Rick Riordan,5239978
Dan Brown,5002760
William Shakespeare,4465596
Cassandra Clare,4336706
Nicholas Sparks,4302436
John Green,4198002
Jane Austen,4045697
George Orwell,4033413
C.S. Lewis,3924984
James Patterson,3678812
Veronica Roth,3520417
John Grisham,3498255
George R.R. Martin,3377585
Harper Lee,3337340
Neil Gaiman,2873141
F. Scott Fitzgerald,2871181
Stieg Larsson,2846292
Khaled Hosseini,2831112
Jodi Picoult,2698650
Terry Pratchett,2535603
John Steinbeck,2479896
E.L. James,2438265
Janet Evanovich,2369372
Charlaine Harris,2358449
J.D. Salinger,2339036
Charles Dickens,2188968
Shel Silverstein,2159123
Dr. Seuss,2140758
Richelle Mead,2098681
Roald Dahl,2066566
Anne Frank,1983253
Paulo Coelho,1951594
Sophie Kinsella,1939451
Lois Lowry,1891660
Nora Roberts,1834544
Douglas Adams,1821961
Christopher Paolini,1759375
Kurt Vonnegut Jr.,1743536
Alice Sebold,1710934
Mark Twain,1685153
Orson Scott Card,1670648
Agatha Christie,1629675
Michael Crichton,1625118
Jim Butcher,1616056
P.C. Cast,1609204
William Golding,1605019
Robert Jordan,1591193
Kathryn Stockett,1531753
Philip Pullman,1523113
Dean Koontz,1508676
Louisa May Alcott,1388735
Lemony Snicket,1387551
James Dashner,1368447
Diana Gabaldon,1366724
Ernest Hemingway,1360322
Elizabeth Gilbert,1347238
Malcolm Gladwell,1347071
David Sedaris,1335138
J.R. Ward,1329536
Brandon Sanderson,1306594
Arthur Golden,1300209
Mitch Albom,1279448
Charlotte Brontë,1275052
Meg Cabot,1269464
Markus Zusak,1252860
Anne Rice,1248225
Kiera Cass,1221215
Haruki Murakami,1215616
Laurell K. Hamilton,1215067
E.B. White,1206745
Sarah Dessen,1183963
Isaac Asimov,1181779
Aldous Huxley,1180451
Margaret Atwood,1180064
Sarah J. Maas,1179987
Colleen Hoover,1176168
Sue Monk Kidd,1146955
Rainbow Rowell,1120107
Sara Gruen,1113102
Jon Krakauer,1110691
Ken Follett,1098706
Gillian Flynn,1096352
Scott Westerfeld,1092618
Chuck Palahniuk,1068274
L.M. Montgomery,1056351
Emily Giffin,1035736
Yann Martel,1018304
Barbara Kingsolver,1011074
Paula Hawkins,1008778
Lee Child,1008080
Michael Connelly,1006192
Marissa Meyer,1006188
Abbi Glines,1002288
Eoin Colfer,993270
Becca Fitzpatrick,990265
Philippa Gregory,985045
Tamora Pierce,968312
Maggie Stiefvater,959901
Homer,959239
Gabriel García Márquez,955054
Arthur Conan Doyle,949087
Oscar Wilde,935515
Liane Moriarty,912898
Louis Sachar,907332
Tom Clancy,902336
Mark Haddon,901850
Emily Brontë,899195
Stephen Chbosky,888806
Bill Bryson,888417
Margaret Mitchell,873981
Patricia Cornwell,866530
David Baldacci,864392
Ray Bradbury,860965
Lauren Oliver,852493
Frances Hodgson Burnett,851941
Helen Fielding,850991
Laura Ingalls Wilder,844710
Madeleine LEngle,841309
Gayle Forman,837864
Jojo Moyes,837368
Lauren Weisberger,833416
Alexandre Dumas,832201
Alan Moore,830810
Jennifer L. Armentrout,830262
Jennifer Weiner,823721
Cormac McCarthy,823385
Lauren Kate,818541
Audrey Niffenegger,810024
Mary Wollstonecraft Shelley,808589
J.D. Robb,803602
Jeff Kinney,797417
Ann Brashares,781102
Kristen Ashley,779180
Jeannette Walls,775183
Jamie McGuire,765729
Edgar Allan Poe,764658
Amy Tan,758061
Fyodor Dostoyevsky,756312
Patricia Briggs,753391
Ransom Riggs,745258
Antoine de SaintExupéry,738757
Jeffrey Eugenides,738043
Sylvia Day,732802
Frank Herbert,731464
Terry Goodkind,729568
John Irving,726415
Ally Condie,721991
Walter Isaacson,717096
David Eddings,715896
Patrick Rothfuss,703503
S.E. Hinton,696196
Kristin Hannah,694229
Elie Wiesel,691231
Kelley Armstrong,689097
Robin Hobb,686699
Gregory Maguire,681283
Sherrilyn Kenyon,680308
Brian K. Vaughan,674513
L.J. Smith,669584
Robert Louis Stevenson,669460
Marie Lu,666841
H.G. Wells,662672
Kami Garcia,661659
Maurice Sendak,659404
Karen Marie Moning,655440
Ayn Rand,654652
Harlan Coben,648897
William Goldman,644296
Steven D. Levitt,635187
Victor Hugo,633258
Laurie Halse Anderson,626664
Thomas Harris,625456
Sue Grafton,622675
Robert A. Heinlein,620836
Bram Stoker,618973
Robert Ludlum,618738
Mark Cotta Vaz,612030
Ian McEwan,610365
Franz Kafka,606181
Wally Lamb,599391
Laura Hillenbrand,599272
Judy Blume,598988
Donna Tartt,594139
Tracy Chevalier,592680
Albert Camus,589893
Emma Donoghue,566024
Joseph Heller,563265
Sara Shepard,562986
Jeaniene Frost,557356
Cornelia Funke,557074
Christopher Moore,555557
Robert Kirkman,545865
Hermann Hesse,536069
Erik Larson,535760
Ally Carter,534852
Julie Kagawa,534676
Nathaniel Hawthorne,533680
Leo Tolstoy,532263
John Flanagan,528640
Toni Morrison,525164
Pittacus Lore,519851
Alyson Noel,519063
Kim Harrison,517908
Vladimir Nabokov,516563
Truman Capote,511430
Neal Stephenson,509216
Ken Kesey,507144
Tina Fey,506250
Kresley Cole,501572
Kim Edwards,501430
Rebecca Wells,500921
Arthur C. Clarke,500073
Jay Asher,496769
Anita Diamant,495387
David McCullough,488309
Lisa See,485674
Rachel Caine,485356
Ann Patchett,484753
Robert Galbraith,484699
Raymond E. Feist,483537
Augusten Burroughs,483334
Lewis Carroll,482393
Philip K. Dick,482031
Jenny Han,481134
Ursula K. Le Guin,476792
Sylvia Plath,475885
Cecelia Ahern,473098
Frank Miller,471570
Anthony Doerr,470001
Jonathan Safran Foer,469456
Anonymous,467146
Kazuo Ishiguro,464331
Stephanie Perkins,461324
Terry Brooks,458732
Frank McCourt,456565
Anne McCaffrey,454246
Kristin Cashore,453844
R.A. Salvatore,448719
Gail Carson Levine,445054
Ilona Andrews,444623
Alexander McCall Smith,444406
Jack London,443363
Brandon Mull,442405
Tahereh Mafi,440268
Dave Eggers,439559
Francine Rivers,439523
Holly Black,436765
Douglas Preston,436740
Richard Bachman,434389
Andy Weir,433582
Nick Hornby,433305
Anthony Burgess,431195
Bill Watterson,430883
Erin Morgenstern,429543
Libba Bray,419862
William Paul Young,419539
John Sandford,418357
Vince Flynn,418038
Lisa Kleypas,417319
Jhumpa Lahiri,417219
Anthony Horowitz,414338
Cheryl Strayed,413851
Isabel Allende,412928
Tim LaHaye,411944
Garth Nix,411435
Sidney Sheldon,410209
Melissa de la Cruz,408496
William Gibson,407015
Kathy Reichs,406390
Leigh Bardugo,405210
Eric Carle,403825
Jerry Spinelli,402446
Brent Weeks,400772
Alice Walker,399985
Ernest Cline,399381
Ellen Hopkins,399344
Marian Keyes,397288
Bill Martin Jr.,397011
Max Brooks,395504
Herman Melville,395181
Simone Elkeles,394990
Mary Ann Shaffer,393626
Jane Green,393014
Shannon Hale,391577
Kate Morton,390631
Arthur Miller,390378
Dave Pelzer,390196
Jeffrey Archer,389095
Deborah Harkness,387574
Beverly Cleary,385287
Jules Verne,381853
Rick Yancey,381233
A.A. Milne,380230
Thomas Hardy,379754
Laura Joffe Numeroff,378821
Katherine Paterson,378450
Carlos Ruiz Zafón,378322
Kate DiCamillo,378184
Rebecca Skloot,377249
Joe Abercrombie,376904
Gena Showalter,372668
Brian Jacques,369846
Stephen R. Covey,368357
Margaret Weis,368048
John Grogan,367304
Tana French,365498
Elin Hilderbrand,365357
Mindy Kaling,364873
Jean M. Auel,360764
Joe Hill,357427
Tess Gerritsen,356644
Karin Slaughter,355634
Lisa Gardner,354470
Dennis Lehane,354078
Chelsea Handler,352325
Art Spiegelman,350939
Jack Kerouac,350117
Erin Hunter,349360
Michael  Grant,349358
Richard Dawkins,345819
Jane Carruth,343252
Patrick Ness,337743
Mary Higgins Clark,334426
Tatiana de Rosnay,331523
E. Lockhart,331429
Laini Taylor,331344
Joseph Conrad,330279
Christina Lauren,330090
Dale Carnegie,329420
Tennessee Williams,328306
Virginia Woolf,328072
Garth Stein,327409
Lisa Genova,325586
Hunter S. Thompson,324867
Dan Simmons,324418
Margaret Peterson Haddix,324185
David Mitchell,323865
Emma McLaughlin,323762
Umberto Eco,323305
William Faulkner,323225
Nalini Singh,321418
Milan Kundera,320274
John Scalzi,320065
Carl Hiaasen,317084
Daniel Keyes,313044
Geraldine Brooks,310877
Fannie Flagg,309434
Kate Atkinson,308222
James Rollins,305708
Bryan Lee OMalley,304958
Michael Scott,302533
Jo Nesbø,298272
Margaret Wise Brown,297816
Michael Pollan,297560
Greg Mortenson,297059
Bret Easton Ellis,296886
V.C. Andrews,295957
Chetan Bhagat,294280
Bill Willingham,293839
Marjane Satrapi,293046
Richard Adams,292426
Mario Puzo,292145
Betty  Smith,291909
Darren Shan,291487
Frances Mayes,290037
John Boyne,285692
Maria V. Snyder,284451
Louise Penny,282774
Charles Bukowski,281540
Maya Angelou,280792
Jeanne DuPrau,280330
Pat Conroy,279940
Melissa Marr,279055
Graeme Simsion,279011
L. Frank Baum,273752
Jasper Fforde,271678
Angie Sage,271172
Colleen McCullough,271013
John Tiffany,270603
Maeve Binchy,270120
Anita Shreve,269836
Daniel Silva,269367
Tsugumi Ohba,268646
Wilson Rawls,268548
Rhonda Byrne,266520
Hugh Howey,266361
Susan Elizabeth Phillips,265188
Julia Quinn,265017
Jessica Sorensen,264642
David Nicholls,263539
Erich Maria Remarque,263434
Laura Esquivel,263199
Rachel Hawkins,263092
Jonathan Franzen,261681
Michael Chabon,261620
J. Lynn,261617
Stephen Hawking,261226
Chris Bohjalian,260719
Tom Robbins,258793
Abraham Verghese,258319
Lara Adrian,257642
Beatrix Potter,256890
Fredrik Backman,254805
Janet Fitch,254766
James Joyce,253779
Gary Paulsen,253612
Jonathan Stroud,253213
Jeffery Deaver,252931
P.D. Eastman,252470
Carl Sagan,251774
Maya Banks,251149
Amy Poehler,251082
Junot Díaz,250345
Mary Roach,250212
Edith Wharton,249949
Steven Erikson,249326
Bernard Cornwell,249038
Anne Tyler,248436
Chimamanda Ngozi Adichie,247293
David Levithan,243571
M.L. Stedman,243526
S.C. Stephens,243225
Cinda Williams Chima,242431
Maria Semple,242227
Nelson DeMille,241973
Randy Pausch,241869
Neal Shusterman,241505
James Frey,240899
Lev Grossman,240768
Eckhart Tolle,240016
Barack Obama,239834
Julie Garwood,239270
Sylvain Reynard,239177
R.J. Palacio,238975
Clive Cussler,238217
Spencer Johnson,237272
Piers Anthony,236296
Scott ODell,236015
Sarah Addison Allen,234867
Alan Bradley,234826
Jeff Lindsay,234144
Scott Lynch,232326
Jared Diamond,231158
Paula McLain,229689
Samantha Young,229459
Sophocles,229279
Todd Burpo,228371
Christina Baker Kline,226091
Kevin Hearne,225392
E.M. Forster,224976
Billie Letts,224820
R.K. Lilley,224262
D.J. MacHale,224229
Rudyard Kipling,223588
Louise Rennison,223463
Jon Scieszka,220432
Robin McKinley,219105
Cynthia Hand,219092
Betty Edwards,218264
Gail Carriger,216861
Clive Barker,216058
George Eliot,215708
Malala Yousafzai,214412
Elizabeth Kostova,213872
Diane Setterfield,213200
Jonathan Swift,212711
Claudia Gray,212261
Jamie Ford,210939
Seth GrahameSmith,210331
Pierce Brown,210289
Tammara Webber,209925
Daniel Defoe,208567
Don Freeman,208137
Natsuki Takaya,206326
Iain M. Banks,205796
Alice Hoffman,205730
Victoria Aveyard,204887
Lloyd Alexander,204148
Diana Wynne Jones,203619
Chris Van Allsburg,203169
Jandy Nelson,202874
Jodi Ellen Malpas,202655
C.C. Hunter,202434
Susan Cain,202135
Amish Tripathi,201825
Sherman Alexie,201335
Frank E. Peretti,200748
Amanda Hocking,200392
Justin Cronin,200101
Chinua Achebe,199346
Anna Quindlen,198552
Christine Feehan,198491
Marion Zimmer Bradley,198173
Robert Munsch,197743
Alice Clayton,197742
Michael   Lewis,197598
Ludwig Bemelmans,197401
Beatrice Sparks,196677
Richard Bach,195885
Daphne du Maurier,195333
Charles Frazier,195007
Ellen Schreiber,194953
Frederick Forsyth,194570
James Clavell,193935
R.L. Mathewson,192609
Unknown,192380
Larry Niven,191385
Tim OBrien,190307
S.J. Watson,189952
Tad Williams,188677
Garth Ennis,188373
Brian Selznick,188265
Corrie ten Boom,188064
Robert T. Kiyosaki,186621
Plato,186078
James S.A. Corey,186043
Shirley Jackson,186025
Newt Scamander,185928
Dante Alighieri,185082
Gabrielle Zevin,184672
Elizabeth Strout,184644
Anna Sewell,183255
Pearl S. Buck,182220
William Landay,182025
Kathleen Grissom,181533
Zora Neale Hurston,181106
Anthony Bourdain,180890
John D. Rateliff,180727
Steve Berry,180425
Eric Schlosser,179347
James A. Michener,179295
Alexandra Bracken,179076
Oliver Sacks,178685
Naomi Novik,178521
Norton Juster,178432
Jenny  Lawson,178218
Patrick Süskind,178135
Kody Keplinger,177706
Morgan Matson,175713
Gary Chapman,175419
Nicola Yoon,174915
Better Homes and Gardens,174631
Natalie Babbitt,174280
Kristen Proby,174240
Margery Williams Bianco,173469
E.H. Gombrich,173005
Salman Rushdie,172915
Judith McNaught,172882
Bisco Hatori,172524
Zadie Smith,172481
Chloe Neill,172131
Sharon Creech,172042
Sarah Waters,171802
E.L. Konigsburg,171340
Viktor E. Frankl,171281
John Kennedy Toole,170776
Gustave Flaubert,170519
Rick Warren,170491
Mo Willems,169817
Tom Wolfe,169444
J.M. Barrie,169306
Richard Matheson,168284
John Berendt,167997
Peter V. Brett,167924
Jenny Nimmo,167910
Astrid Lindgren,167771
Sun Tzu,167332
Katy Evans,167017
Alex Flinn,165687
Michelle Hodkin,165676
Arundhati Roy,165378
Trudi Canavan,165069
Elizabeth Gaskell,164850
Raina Telgemeier,164734
Patricia C. Wrede,164552
David Foster Wallace,164055
Ted Dekker,163061
Veronica Rossi,162914
Arnold Lobel,162347
Darynda Jones,161932
John le Carré,161617
Brad Thor,161484
Rebecca Donovan,161469
Beth Revis,161408
Susan Cooper,161098
Ned Vizzini,161001
Larissa Ione,160663
Emily St. John Mandel,160466
Elle Kennedy,160116
Kate Chopin,159729
Jay Crownover,159503
José Saramago,159141
Matsuri Hino,158566
Richard Russo,157669
Kenneth Branagh,156869
Lois McMaster Bujold,156730
Charles Duhigg,155977
John Knowles,155901
Curtis Sittenfeld,155877
Jeph Loeb,155753
John Berger,155658
James Herriot,155439
Chuck Dixon,155338
Chris Cleave,154740
Niccolò Machiavelli,153128
Ruta Sepetys,153037
Barbara Ehrenreich,152786
Lisa McMann,152755
Jennifer E. Smith,152093
Blake Crouch,151782
Jennifer Niven,151591
Raymond Chandler,151549
Mikhail Bulgakov,151475
Voltaire,151471
Vanessa Diffenbaugh,151048
Philip Roth,150830
Matthew Quick,150816
Kate Egan,150676
Henry James,150664
Jacqueline Carey,150591
Henning Mankell,150488
Julie James,150052
Banksy,149453
Doreen Cronin,149340
Bill OReilly,149274
Olivia Cunning,148619
Peter F. Hamilton,148610
Raine Miller,148555
Geoffrey Chaucer,148480
Gordon Korman,148456
Tite Kubo,148447
Kahlil Gibran,148252
Katie McGarry,147444
Hans Christian Andersen,147144
Leon Uris,147093
Henry David Thoreau,147031
Roger Zelazny,146939
Susan Beth Pfeffer,146903
J.A. Redmerski,146341
Robert McCloskey,146111
Judith Viorst,146073
Timothy Zahn,146004
Susanna Clarke,145833
Jennifer Crusie,145671
Joan Didion,145640
Kylie Scott,145591
Robert C. OBrien,145310
Hilary Mantel,145242
Susanna Kaysen,145161
Johanna Spyri,144497
Elena Ferrante,144357
Sandra Brown,144277
Lynsay Sands,144000
Steve Martin,143798
Wilkie Collins,143456
Lauren DeStefano,143313
Adriana Trigiani,143103
Mary Kubica,143020
Anne Bishop,142873
Friedrich Nietzsche,142637
Larry McMurtry,142577
Trenton Lee Stewart,142178
Anne Lamott,141839
Elizabeth George Speare,141727
Aprilynne Pike,141673
Gaston Leroux,141110
Candace Bushnell,140388
Robert M. Pirsig,139411
Doris Kearns Goodwin,139311
Karen Kingsbury,139093
China Miéville,138089
Michael Ende,137967
Harriet Beecher Stowe,137858
Howard Zinn,137372
Nicole  Williams,137112
Daniel Kahneman,136950
Jennifer Probst,136797
Carrie Jones,136303
James C. Collins,135740
J. Kenner,135661
Sheryl Sandberg,135635
Jacqueline Winspear,135532
Grant Morrison,135378
Jonathan Tropper,135356
Susan Ee,135118
Miguel de Cervantes Saavedra,134931
Andrea Cremer,134475
Robert Crais,134345
Annie Proulx,134129
JeanPaul Sartre,133820
Willa Cather,133418
Francis Chan,133395
H.A. Rey,133188
Stephen E. Ambrose,133151
H.P. Lovecraft,132896
Mercedes Lackey,132200
David Guterson,131945
David Shannon,131897
Kiersten White,131555
Diane Chamberlain,131343
Jostein Gaarder,131132
Masashi Kishimoto,130997
Ian Fleming,130851
Scott Turow,130704
أحمد مراد,130534
Graham Greene,129562
Michael Buckley,129443
Jennifer Egan,129239
Rachel Vincent,128765
Madeleine Wickham,128198
Alison Weir,128187
P.D. James,127447
Piper Kerman,127186
Kasie West,127129
Chuck Klosterman,127068
Anna Godbersen,126443
Joanne Harris,126225
C.J. Roberts,126004
Michael J. Sullivan,125359
Cecily von Ziegesar,125204
Paul Auster,125082
Stephen R. Donaldson,125004
Malcolm X,124805
Kenneth Grahame,124612
William Peter Blatty,124467
Atul Gawande,123664
Enid Blyton,123584
Ralph Ellison,123073
Michael Ondaatje,122845
Tarryn Fisher,122728
Jacob Grimm,122197
Patti Smith,122176
CLAMP,121831
Ira Levin,121596
Julie Powell,121373
Gene Luen Yang,121314
Miguel Ruiz,121178
Wendy Higgins,121077
Mark  Lawrence,120836
Lionel Shriver,120553
Donald Miller,120436
Lisa Scottoline,119975
Bernhard Schlink,119911
Louise Erdrich,119731
Alex Haley,118951
Andrew Clements,118912
Allie Brosh,118910
Huntley Fitzpatrick,118402
Brené Brown,118293
Jane Hamilton,118189
Christopher Paul Curtis,117830
Ina Garten,117720
Colleen Houck,117378
Emma Chase,117365
Ellen Raskin,117108
Rachel Renée Russell,117079
Paul Kalanithi,116771
D.H. Lawrence,116749
Dave Barry,116654
Ishmael Beah,116260
Mary Kay Andrews,116064
Jess Walter,116053
Rohinton Mistry,116042
Jan Brett,115659
Marie Kondō,115546
Rachel Cohn,115292
Justin Halpern,115114
Helen Simonson,115095
Wendy Mass,115057
Rae Carson,114856
T.S. Eliot,114847
Melina Marchetta,114657
Octavia E. Butler,114656
Jan Karon,114591
Aravind Adiga,114531
V.E. Schwab,114421
Melissa Bank,113977
John Gray,113915
أحلام مستغانمي,113679
Daniel James Brown,113565
Caleb Carr,113324
Karen Joy Fowler,113101
Rachel Joyce,112894
Matthew Reilly,112813
Rosamunde Pilcher,112766
Phaidon Press,112673
Cora Carmack,112145
Nicole Krauss,111961
K. Bromberg,111641
MaryJanice Davidson,111568
John Updike,111538
Marie Rutkoski,111481
Kerstin Gier,111365
Marilynne Robinson,111242
Gretchen Rubin,111006
Stephen Crane,110848
Michael Cunningham,110690
Robin Sloan,110552
John Marsden,110354
Jonas Jonasson,110347
Jeff Smith,110179
Kim Stanley Robinson,109976
Seth Godin,109811
Katie Ashley,109787
Carrie Ryan,109722
Christopher McDougall,109642
Lee Strobel,109422
Charlotte Perkins Gilman,109367
Maureen Johnson,109067
Amor Towles,108935
Benjamin Alire Sáenz,108884
Celeste Ng,108703
Dan Ariely,108674
Julia Child,108655
Irvine Welsh,108600
Thomas Keneally,108338
Helen Keller,107313
Crockett Johnson,107221
Sophie Jordan,106983
Mary E. Pearson,106954
Alan Brennert,106932
Kevin Henkes,106613
Kimberly McCreight,106394
Yana Toboso,106254
Dorothy L. Sayers,105969
Christopher Hitchens,105447
Thomas Pynchon,105276
Laurelin Paige,105114
Julian Barnes,105099
Sam McBratney,104690
Judi Barrett,104677
Don DeLillo,104205
Tami Hoag,104160
Jen Lancaster,103992
Andrzej Sapkowski,103640
Harry Allard,103495
Guillermo del Toro,103178
Richard Wright,103034
Kendare Blake,102826
Jacquelyn Mitchard,102733
Peter Benchley,102574
James Ellroy,102365
Irma S. Rombauer,102348
Jon Stone,102184
Samantha Towle,102124
Joe Haldeman,101760
Muriel Barbery,101669
Debbie Macomber,101545
Tina Reber,101541
Mark Millar,101439
Douglas Coupland,101234
Jane Yolen,101029
Jennifer Estep,100932
Peggy Parish,100921
Shelly Crane,100844
Josephine Angelini,100461
Tijan,100398
Chaim Potok,99974
George Bernard Shaw,99965
Amie Kaufman,99948
John Fowles,99940
Linda Sue Park,99821
M.R. Carey,99729
Lili St. Crow,99195
John Wyndham,99150
Warren Ellis,99135
Samuel Beckett,98950
Robin LaFevers,98609
Evelyn Waugh,98489
Nassim Nicholas Taleb,98444
Alexandra Adornetto,98415
Juliet Marillier,98288
Sylvia Nasar,98276
Ann Aguirre,98227
Craig Thompson,98127
Roberto AguirreSacasa,97905
Italo Calvino,97900
Jessica Day George,97785
Jon Stewart,97751
Sarah Dunant,97743
Upton Sinclair,97468
Thomas L. Friedman,97042
Aurora Rose Reynolds,96994
Vi Keeland,96768
Noah Hawley,96680
Jeanette Winterson,96663
Johann Wolfgang von Goethe,96433
Wendelin Van Draanen,96325
John Milton,96316
Ben Aaronovitch,96081
Marcus Pfister,95421
Gregory David Roberts,95213
Colson Whitehead,95069
Dashiell Hammett,94913
Susanna Kearsley,94758
Richard Paul Evans,94718
Azar Nafisi,94696
Lauren Groff,94556
William S. Burroughs,94504
Kent Haruf,94455
Danielle Steel,94429
Aziz Ansari,94231
Peter Lerangis,94078
Henrik Ibsen,94017
T.H. White,94015
Hiromu Arakawa,93990
Heather Brewer,93936
Sam Harris,93873
Austin Kleon,93625
Bella Forrest,93527
Jean Craighead George,93444
Anne Brontë,93334
Emmuska Orczy,93217
Lisi Harrison,93199
Simon Winchester,93167
Sarah Vowell,93160
Jonathan Kellerman,93101
Mildred D. Taylor,92980
Alastair Reynolds,92962
Gertrude Chandler Warner,92916
Susannah Cahalan,92849
Mercer Mayer,92524
W. Somerset Maugham,92482
Vincent Bugliosi,92158
Greg Iles,92097
William Styron,91854
Richard P. Feynman,91625
Hajime Isayama,91597
A.N. Roquelaure,91528
Benjamin Hoff,91506
Jude Watson,91337
William Makepeace Thackeray,91323
Jennifer Echols,91213
Kennilworthy Whisp,90908
Robert Kapilow,90574
Ruth Ware,90541
Ree Drummond,90499
John Eldredge,90492
M. Leighton,89818
Colum McCann,89580
Anton Chekhov,89468
Jennifer A. Nielsen,89430
Susan Vreeland,89309
Kimberly Derting,89179
Robin Cook,89000
Catherine Hardwicke,88847
Jason Fried,88626
R.L. Stine,88619
Aesop,88508
Lena Dunham,88251
Mariana Zapata,88053
Ruth Reichl,87938
Gail McHugh,87848
Napoleon Hill,87445
Caitlin Moran,87427
Janell Cannon,87423
Megan Whalen Turner,87344
Scott McCloud,87315
Penelope Douglas,87246
Meg Wolitzer,86998
Joanna Wylde,86630
Daniel H. Pink,86599
David Brin,86501
Eric Ries,86284
Nancy Farmer,86071
Jennifer Donnelly,86003
Scott Snyder,85913
Avi,85885
Carolyn Keene,85871
Carol Rifka Brunt,85582
David Weber,85551
Flannery OConnor,85443
Penelope Ward,85317
Eugene Bradley Coco,85314
Herman Koch,85209
Katherine Applegate,85136
Paolo Bacigalupi,85077
Oliver Pötzsch,85034
Nancy Horan,84839
Sharon M. Draper,84817
Renee Ahdieh,84678
Guy Gavriel Kay,84662
Patricia McCormick,84628
Herman Wouk,84393
Jim Fergus,84367
Robert K. Massie,84300
Dodie Smith,84161
Jon Ronson,83907
Madeline Sheehan,83892
Heather Gudenkauf,83712
Rebecca Stead,83420
Chris Colfer,83292
Nathaniel Philbrick,83011
Conn Iggulden,82839
Richard   Preston,82712
P.L. Travers,82706
Karen Chance,82614
Sandra Boynton,82602
Jessica Knoll,82504
Tom Stoppard,82439
Faye Perozich,82353
Olive Ann Burns,82281
Jesse Andrews,82270
Margret Rey,82232
Kazu Kibuishi,82184
Watty Piper,82102
Jorge Luis Borges,81958
Joss Whedon,81950
Ezra Jack Keats,81914
O. Henry,81845
A.J. Jacobs,81768
K.A. Tucker,81766
Whitney G.,81736
Chad Harbach,81712
Sandra Cisneros,81579
Clement C. Moore,81553
G. Willow Wilson,81545
James Redfield,81470
Susane Colasanti,81423
John Jakes,81147
Timothy Ferriss,81136
Jay Anson,80959
James McBride,80906
George Saunders,80867
J.D. Vance,80737
Dan Wells,80479
Robert Muchamore,80320
Ursula Hegi,80056
Timothy J. Keller,79870
Cynthia DAprix Sweeney,79762
Ian Edginton,79605
Peter Clines,79185
Lynne Truss,79117
Mike Mignola,79114
Glen Cook,79037
Joseph Delaney,78911
Charlie N. Holmberg,78720
Johann David Wyss,78355
Georgia Cates,78291
Mia Sheridan,77924
Richard Castle,77878
Dee Henderson,77830
W. Bruce Cameron,77604
Louise Fitzhugh,77575
Jeff VanderMeer,77548
Joyce Carol Oates,77251
Orhan Pamuk,77050
Lynne Reid Banks,77046
Emma Cline,76761
Virginia Lee Burton,76634
Emily Dickinson,76496
Peter S. Beagle,76277
Joseph J. Ellis,76163
Sabaa Tahir,76027
David    Allen,75665
Mark Z. Danielewski,75469
Noelle Stevenson,75429
Iris Johansen,75194
Leigh Nichols,75164
Virgil,75051
Monica  Murphy,74977
Colm Tóibín,74862
Mary Norton,74820
Ron Chernow,74796
C.J. Sansom,74655
Cherrie Lynn,74636
Pseudonymous Bosch,74602
Ellen DeGeneres,74358
Irving Stone,74338
Derek Landy,74261
TaNehisi Coates,74218
Quinn Loftis,74158
Stacy Schiff,73994
Amy A. Bartol,73929
Anna Todd,73812
Paullina Simons,73760
Joshilyn Jackson,73753
J. Sterling,73737
Joelle Charbonneau,73698
Chip Heath,73556
Christopher Pike,73542
Brian Herbert,73426
Raymond Carver,73370
Gwyn Hyman Rubio,73342
Brian Froud,73118
Rupi Kaur,73104
Erin Watt,73074
Edgar Rice Burroughs,72924
Michelle Moran,72773
Jaycee Dugard,72713
Marguerite Henry,72682
Kate Jacobs,72655
Alison Goodman,72558
Esphyr Slobodkina,72504
Flora Rheta Schreiber,72493
Dav Pilkey,72486
Mira Grant,72411
Aleksandr Solzhenitsyn,72371
Rumiko Takahashi,72296
Vernor Vinge,72176
Allen Ginsberg,71968
James     Baldwin,71863
Adam Mansbach,71816
Edward Rutherfurd,71741
أثير عبدالله النشمي,71665
Aleatha Romig,71610
Richard K. Morgan,71589
Adam Hochschild,71466
Linda Howard,71355
Daniel Quinn,71034
Stephen Colbert,71023
Robert Sabuda,70995
Munro Leaf,70961
N.K. Jemisin,70914
Connie Willis,70862
Ann Leckie,70788
Chevy Stevens,70654
Aimee Carter,70614
David Wroblewski,70382
Kenneth H. Blanchard,70241
Else Holmelund Minarik,70240
Tom Rob Smith,70021
Amy Plum,69959
Fred Gipson,69815
Katherine Boo,69596
Matt Fraction,69557
Stan Berenstain,69304
Edmund Morris,69139
Amy Harmon,69108
Kerry Lonsdale,69018
Tom Perrotta,68995
Kirsty Moseley,68972
Betty MacDonald,68824
Brian Greene,68766
Caragh M. OBrien,68750
Elizabeth Wein,68665
Jenna Blum,68480
David Benioff,68063
Don Piper,67937
Anthony  Ryan,67779
John Bunyan,67777
Christina Schwarz,67768
Carson McCullers,67643
James Fenimore Cooper,67632
Bruce H. Wilkinson,67508
Chris dLacey,67283
Emily Seife,67264
A.S. Byatt,67049
Eiichirō Oda,67047
يوسف زيدان,66995
Erika Johansen,66813
Hanya Yanagihara,66782
Walter M. Miller Jr.,66721
Isaac Marion,66381
Miranda Kenneally,66380
Téa Obreht,66104
Julia Cameron,66049
Tucker Max,65930
Edward Gorey,65869
Wallace Stegner,65867
Walter Scott,65828
Hiro Mashima,65477
Ronald Holt,65422
Candice Millard,65354
Jean de Brunhoff,65272
Amy Ewing,65261
Tomie dePaola,65259
J.M. Coetzee,65252
Jessica Park,65105
Robert   Harris,65021
Jussi AdlerOlsen,65006
Mark Bittman,64970
Tracy Kidder,64852
Emma Straub,64527
Karen Cushman,64402
William L. Shirer,64391
Charles Darwin,64162
A.G. Riddle,64128
Morgan Rhodes,64074
Pam Muñoz Ryan,63970
Moira Young,63955
Russell Hoban,63933
Kevin Kwan,63916
Robert Frost,63718
Nicholas Evans,63701
Michael Rosen,63473
Richard Carlson,63324
Shari Lapena,63237
Mary Karr,63117
Jack Canfield,63020
Hillary Jordan,63008
Nikolai Gogol,62992
Michael Bond,62590
Robert Dugoni,62584
Janette Sebring Lowrey,62571
Sigmund Freud,62528
Peggy Rathmann,62526
Julie Anne Peters,62445
Tillie Cole,62388
Rachel Van Dyken,62281
Thomas Mann,62168
Laurie R. King,62028
Aristotle,61967
Melanie Benjamin,61926
Ruth Ozeki,61877
Danielle  Paige,61524
Dalai Lama XIV,61498
Patrick Carman,61442
Chris Kyle,61422
Elizabeth Berg,61381
Lauren Graham,61300
Karen Thompson Walker,61296
M. Scott Peck,61238
Peter David,60746
P.G. Wodehouse,60742
Walter Farley,60720
AnnMarie MacDonald,60673
Iain Banks,60544
Robert Greene,60430
Keith Richards,60409
Nevil Shute,60408
A.S.A. Harrison,60323
Randall Munroe,60236
Camilla Läckberg,60197
Jung Chang,60193
Jane Smiley,60033
Catherine Fisher,59999
Boris Pasternak,59973
Helene Wecker,59650
Leif Enger,59642
Jacqueline Woodson,59611
Phyllis Reynolds Naylor,59585
Alistair MacLean,59423
Dava Sobel,59411
Sebastian Junger,59328
H.M. Ward,59254
Robin S. Sharma,59205
Jonathan Maberry,59024
Michio Kaku,58971
Norman Bridwell,58925
Emily Bleeker,58881
Patrick OBrian,58863
Frank Warren,58841
Thomas J. Stanley,58732
Belle Aurora,58619
محمد صادق,58446
Ayaan Hirsi Ali,58432
Michael Shaara,58372
Robert Goolrick,58348
B.A. Paris,57865
Walt Whitman,57763
Anna Banks,57751
Pablo Neruda,57627
Henry Miller,57600
Louis de Bernières,57583
Mike Carey,57509
Walt Disney Company,57480
John Connolly,57476
Claire North,57474
Bryce Courtenay,57312
Thornton Wilder,57299
Jonah Lehrer,57234
David Wiesner,57202
Vincent van Gogh,57161
Carrie Vaughn,57127
Dave Ramsey,56936
Elizabeth  George,56908
Ann M. Martin,56850
Simms Taback,56677
Richard Yates,56550
Eleanor H. Porter,56529
Reza Aslan,56504
Karl Marx,56464
Wassily Kandinsky,56444
Robert James Waller,56428
Jessie Burton,56344
Daniel Goleman,56331
Nora Ephron,56127
Lawrence Wright,56078
Louise L. Hay,55947
Judy Schachner,55785
Alice Munro,55718
Frederick Douglass,55576
Julia Alvarez,55148
Megan McCafferty,54937
Edmond Rostand,54607
Wilbur Smith,54579
Teddy Slater,54465
Faith Hunter,54396
Beth Hoffman,54341
Marisha Pessl,54234
Lauren Barnholdt,53939
Robert McCammon,53770
David Lagercrantz,53751
Neale Donald Walsch,53722
Mary Doria Russell,53719
Karen Hesse,53706
C.S. Pacat,53689
Jenny Downham,53669
Jack Campbell,53604
Becky Albertalli,53570
Dot Hutchison,53568
Hubert Selby Jr.,53486
Cory Doctorow,53483
Steven Pinker,53470
Philip Yancey,53428
Jack Higgins,53401
Travis Bradberry,53384
Catherine Ryan Hyde,53327
Patricia MacLachlan,53317
David Ebershoff,53213
Ann Rule,53208
Chelsea Cain,53200
Theodore Dreiser,53066
Peter Straub,53017
Naoko Takeuchi,52986
Katja Millay,52982
Ron Hall,52964
Yuval Noah Harari,52846
Charles C. Mann,52778
Adam Johnson,52765
Max Lucado,52743
Shilpi Somaya Gowda,52734
Norman Vincent Peale,52704
Mark Kurlansky,52539
Arlene Mosel,52536
John Ajvide Lindqvist,52518
Erich Segal,52508
Lucy Christopher,52435
Alex Garland,52333
Mark Waid,52289
Sue Miller,52244
E.E. Cummings,52182
Anthony Robbins,52174
Molly McAdams,52023
Brodi Ashton,52018
Lian Hearn,51861
Roxane Gay,51821
Brian Azzarello,51757
Patrick deWitt,51694
Mary  Stewart,51688
A.G. Howard,51670
Beverly Lewis,51660
Chanda Hahn,51602
Lisa Lutz,51590
James D. Bradley,51572
Michel Faber,51481
Andrea Hirata,51427
Donna Woolfolk Cross,51385
E. Nesbit,51255
Marisa de los Santos,51233
Audrey Penn,51219
Ian Falconer,51185
Sergei Lukyanenko,51156
Jon Meacham,51110
Gary D. Schmidt,51101
أحمد خالد توفيق,51062
Lincoln Peirce,50965
Richard Peck,50952
Mitchell Zuckoff,50786
James Howe,50699
Jacqueline Wilson,50692
Naomi Klein,50555
Brigid Kemmerer,50424
David Wong,50418
Miep Gies,50412
K.A. Linde,50277
Joseph Campbell,50257
George S. Clason,50206
Elizabeth Eulberg,50186
Alfred Lansing,50142
Anna Carey,50061
M.C. Escher,50047
George Selden,49987
Ben Mezrich,49953
David Seltzer,49935
Sebastian Faulks,49930
Mark Bowden,49911
Terry Hayes,49740
Alfred Bester,49740
Kate Mosse,49605
Greg Bear,49595
Elif Shafak,49498
Daisy Goodwin,49458
Steven Pressfield,49351
Tara Sivec,49313
Piers Paul Read,49300
Jennifer Close,49167
Frank Beddor,49121
Daniel Clowes,49105
Kristen Callihan,49045
Ross King,49031
Greg Behrendt,49015
Richard Atwater,48964
Carlo Collodi,48961
A. Meredith Walters,48902
Howard Pyle,48879
A.W. Tozer,48878
Antonia Fraser,48864
Joshua Foer,48816
Sarah MacLean,48766
Mary Pope Osborne,48690
Carrie Fisher,48589
Bree Despain,48537
Kazue Kato,48436
Hugh Lofting,48401
Alison Bechdel,48305
John Elder Robison,48189
Dee Lestari,48175
Caroline Kepnes,48160
Siddhartha Mukherjee,48117
Amy Schumer,47809
Peter Thiel,47807
Anne Fadiman,47785
Oswald Chambers,47720
David Bayles,47688
Walter Dean Myers,47533
Yuu Watase,47445
Megan Abbott,47395
Alan Paton,47389
John Howard Griffin,47324
Rob Lowe,47323
Lauren Conrad,47299
David Cote,47207
Andre Agassi,47185
Peter Mayle,47139
Richard Kadrey,47075
Marcus Buckingham,46974
Rosamund Lupton,46934
Martin Cruz Smith,46847
Yoshiki Nakamura,46708
Marcus Luttrell,46551
James Gleick,46430
Brian  McClellan,46394
Ben Sherwood,46361
Kate Brian,46282
John C. Maxwell,46072
William Strunk Jr.,46041
Julianne Donaldson,46033
Sara Donati,45977
René Descartes,45948
David Grann,45937
Liu Cixin,45885
Craig Johnson,45878
Robert B. Cialdini,45874
Hiro Fujiwara,45871
Rosamund Hodge,45721
Jeanne Birdsall,45674
Winston Groom,45660
Ruud van der Rol,45422
Madeline Miller,45373
Anna Dewdney,45304
Anthony Kiedis,45203
John Piper,45194
Martha Stewart,45168
Brian Sibley,45081
Edward Albee,45045
Dave Cullen,45029
Mohsin Hamid,44902
Giada De Laurentiis,44812
Rob Bell,44738
Nancy E. Turner,44669
Sara Zarr,44661
Kaye Gibbons,44638
George Carlin,44438
Elizabeth Wurtzel,44408
Elizabeth Peters,44395
Gene Zion,44319
Lorraine Hansberry,44237
Gary Larson,44221
Nicky Charles,44135
Hayden Herrera,43976
Jen Hatmaker,43929
Nelson Mandela,43927
Jill Shalvis,43879
Marcus Aurelius,43876
Christopher Yost,43832
Atsushi Ohkubo,43732
Émile Zola,43669
Tony Kushner,43583
Władysław Szpilman,43578
Sui Ishida,43490
Roz Chast,43402
Thich Nhat Hanh,43336
Caroline B. Cooney,43334
Lang Leav,43321
Jasinda Wilder,43246
Edward Abbey,43236
Matthew Inman,43235
Bo Hampton,43183
Sandi Lynn,43088
Geoffrey Crayon,42952
Cynthia Lord,42950
Jack Welch,42941
B.J. Novak,42906
Aimee Bender,42885
Elizabeth Scott,42872
John  Williams,42869
Robert Penn Warren,42821
Robert Cormier,42732
Ai Yazawa,42692
Nigella Lawson,42681
Patricia Highsmith,42672
Richard Ford,42665
Stendhal,42598
Ovid,42590
Trevor Noah,42573
Kyousuke Motomi,42572
M.T. Anderson,42426
Kitty French,42421
Martha Hall Kelly,42421
Sharon Kay Penman,42330
Janette Oke,42299
Victoria Finlay,42256
Peter Heller,42131
Robert Morgan,42122
Laura Moriarty,42112
Sheila Burnford,42094
Mia Ikumi,42000
Barbara Delinsky,41996
Stephen Kendrick,41908
John Saul,41871
Ivan Turgenev,41870
Amitav Ghosh,41756
Mario Vargas Llosa,41678
JanPhilipp Sendker,41647
Jennifer Lynn Barnes,41640
Irvin D. Yalom,41636
Lily King,41606
David Gemmell,41542
Yaa Gyasi,41524
Rob Thomas,41518
Radwa Ashour,41499
Brad Meltzer,41487
Deepak Chopra,41427
John Hersey,41338
Ann Leary,41332
Katherine Howe,41284
Maggie Shipstead,41283
Stanisław Lem,41249
Hannah Kent,41209
Daniel Handler,41202
Katherine Dunn,41176
Simon Singh,41145
Kay Redfield Jamison,41102
Jude Deveraux,41092
Mark Manson,41087
JeanDominique Bauby,41037
Adeline Yen Mah,41008
Armistead Maupin,40957
René Goscinny,40807
William Blake,40765
مصطفى محمود,40752
Eleanor Catton,40727
John Layman,40704
Gary Shteyngart,40658
Ernest J. Gaines,40651
Laura Lippman,40646
Dee Brown,40565
Claire Messud,40497
Diane Muldrow,40472
Vicki Myron,40356
Kristen Britain,40298
Miranda July,40277
Brittainy C. Cherry,40275
Irène Némirovsky,40259
Scott B. Smith,40241
Patrick Lencioni,40239
Euripides,40237
Sophia Amoruso,40090
Carlos Castaneda,40080
David J. Schwartz,40023
Yevgeny Zamyatin,40020
Chitra Banerjee Divakaruni,40001
Clare Mackintosh,39990
Ravinder Singh,39975
Dai Sijie,39927
Lao Tzu,39863
Solomon Northup,39758
Julie Otsuka,39678
Jennifer Brown,39677
Eric Van Lustbader,39646
A.S. King,39624
Sarah Andersen,39601
Christopher Marlowe,39518
Vera Brosgol,39477
Larry Correia,39469
Malorie Blackman,39421
Ami McKay,39356
Alexandra Fuller,39298
Alessandra Torre,39208
Thomas Malory,39165
Henri Charrière,39073
John Locke,39061
Daniel Abraham,39041
Alexandra Ripley,38992
سعود السنعوسي,38969
Alvin Schwartz,38879
Plum Sykes,38825
Robert Lopshire,38809
Jonathan Lethem,38714
Ava Dellaira,38701
Samantha Shannon,38694
Esther Hicks,38627
Kass Morgan,38622
Kalayna Price,38547
Robert Graves,38484
Susan Meissner,38390
Saul Bellow,38380
Elaine N. Aron,38114
Michael Morpurgo,38075
Lalita Tademy,38013
Kiran Desai,37967
Catherine Marshall,37963
Linwood Barclay,37944
James W. Loewen,37903
Thomas Rockwell,37888
Carol Shields,37811
Audrey Wood,37773
Rachel Gibson,37715
Carol Ryrie Brink,37689
Michael E. Gerber,37671
A.J. Banner,37604
Tony Hsieh,37601
Daniel Todd Gilbert,37601
Ingrid Law,37593
Jeff Shaara,37552
Daniel J. Levitin,37465
Jennifer  McMahon,37453
Gary Zukav,37414
Blaine Harden,37392
Karuho Shiina,37369
David Wilkerson,37349
Marcia Brown,37313
Sarah Jio,37306
Samuel Taylor Coleridge,37299
Young Kim,37292
Barbara Demick,37284
Nicholas D. Kristof,37270
Eric Wilson,37258
Richard Feynman,37253
Roger Fisher,37205
Tabitha Suzuma,37204
Zoe Sugg,37177
Charles Stross,37177
Eben Alexander,37150
Honoré de Balzac,37098
Matt Haig,37085
Pepper Winters,37044
Laline Paull,36941
Richard Lancelyn Green,36863
Margaret George,36806
Beth Harbison,36791
Leo Lionni,36785
Nobuhiro Watsuki,36765
David Sheff,36682
Thomas More,36680
J. Courtney Sullivan,36632
Tom Rachman,36571
Megan Miranda,36522
Fiona Barton,36504
Nick Bantock,36496
J.C. Reed,36487
Dietrich Bonhoeffer,36355
Rainer Maria Rilke,36289
William Steig,36260
Sapphire,36207
Marjorie Flack,36193
Robert Bloch,36153
Aeschylus,36103
Roland Barthes,36079
Joe Simpson,36048
L.A. Weatherly,36027
Essam Youssef,36015
Laurie Faria Stolarz,36004
Og Mandino,35971
Arturo PérezReverte,35958
Soman Chainani,35890
Bill Clinton,35852
Alison Croggon,35819
H.G. Bissinger,35799
G.K. Chesterton,35784
Eleanor Brown,35752
Joseph Boyden,35698
Allen Eskens,35689
Julia Glass,35677
Koushun Takami,35641
Eric Metaxas,35611
Bob Dylan,35468
Sarah Ockler,35435
Will Schwalbe,35412
Hampton Sides,35317
Nancy Thayer,35282
Peter  Swanson,35225
Sarah  Young,35219
Nyrae Dawn,35216
Michel Houellebecq,35199
Robyn Schneider,35150
Kelly Corrigan,35123
Julie Orringer,35122
Lauren Beukes,35092
Sara Raasch,34993
Dorothea Benton Frank,34848
Eliyahu M. Goldratt,34837
Beatriz Williams,34831
Jean Kwok,34823
James Lee Burke,34783
Robert A. Caro,34772
William Kent Krueger,34720
Amy Chua,34710
Sena Jeter Naslund,34603
Rodman Philbrick,34587
Bertrand Russell,34573
Mollie Katzen,34502
Allen Say,34474
T.M. Frazier,34452
Nina George,34383
Wayne W. Dyer,34358
Stephen Briggs,34312
John Stuart Mill,34303
Amy Sedaris,34212
Kerry Patterson,34208
Dan Millman,34136
Tom Angleberger,34120
Richard Branson,34091
Molière,34055
Michael J. Fox,34043
Vikram Seth,33973
Dan   Harris,33969
Emily Snow,33961
Ann Voskamp,33960
Nina LaCour,33821
Victoria Schwab,33790
Shaun Tan,33764
Kristan Higgins,33743
Danny Gregory,33740
Robert Bryndza,33739
Raymond Khoury,33675
N.H. Kleinbaum,33645
Michelle Knight,33615
Stormie Omartian,33588
Rachel Hartman,33510
Annette Curtis Klause,33500
Clayton M. Christensen,33472
J.G. Ballard,33456
Alyson Richman,33427
Gennifer Choldenko,33400
Hannah Hurnard,33398
Barbara Shook Hazen,33355
M.M. Kaye,33348
Jon Klassen,33268
Sinclair Lewis,33244
Alexander Pushkin,33240
KrishnaDwaipayana Vyasa,33225
J.M. Darhower,33216
Alaa Al Aswany,33209
Laura Kaye,33144
Holly Goldberg Sloan,33097
Charles Burns,33070
Benjamin Franklin,33061
Patricia Schultz,33025
James M. Cain,32975
Roberto Bolaño,32946
Caroline Myss,32938
Simon Sinek,32899
Emerson Eggerichs,32858
Heidi McLaughlin,32853
Michelle Rowen,32818
Emily Carroll,32781
Beth Fantaskey,32763
Owen  West,32760
Sarah Ban Breathnach,32751
Jo Baker,32744
Norman Mailer,32741
Arina Tanemura,32703
Andrew Davidson,32699
Matthew FitzSimmons,32641
Jennifer McMahon,32626
Angie Thomas,32610
Hillary Rodham Clinton,32594
Steven Johnson,32591
Barbara Robinson,32516
Karen Armstrong,32506
Drew Karpyshyn,32470
Justine Korman Fontes,32345
Timothy Egan,32275
Mark Owen,32267
Eric S. Nylund,32192
Bev Vincent,32163
Lissa Price,32143
Yoshihiro Togashi,32051
Frank W. Abagnale,32048
Justina Chen,32034
Simon R. Green,32033
Lance Armstrong,31963
Cynthia Voigt,31949
Richard Connell,31944
Cary Elwes,31886
Bret Lott,31851
Alan Dean Foster,31830
Gerald N. Lund,31747
Karina Halle,31745
Josh Malerman,31735
Kathy Griffin,31685
Blanche Fisher Wright,31643
Lynda Mullaly Hunt,31640
Douglas R. Hofstadter,31616
The Church of Jesus Christ of Latterday Saints,31583
Brian Staveley,31506
Melody Anne,31419
Ellen Marie Wiseman,31412
Courtney Cole,31388
Edwin A. Abbott,31377
Barbara Taylor Bradford,31309
Isabel Wilkerson,31308
Jaci Burton,31260
Joanne Fluke,31242
Roland Smith,31201
H. Rider Haggard,31191
Carol S. Dweck,31174
Matthew Pearl,31035
Joshua Harris,30989
Stephanie Garber,30975
Jonathan Harr,30929
Don    Wood,30926
Carl Bernstein,30919
Founding Fathers,30910
Joanna Cole,30884
Kimon Nicolaides,30880
Isa Chandra Moskowitz,30868
Helen Macdonald,30841
Edith Hamilton,30804
Anne Morrow Lindbergh,30741
Portia de Rossi,30676
W. Chan Kim,30665
Lars Kepler,30607
Richard Paige,30599
Edith Pattou,30596
Robert M. Edsel,30583
Daniel Suarez,30560
Åsne Seierstad,30531
Suzanne Young,30517
Andrew  Smith,30486
Catherine Bybee,30443
The Arbinger Institute,30410
Hisaya Nakajo,30403
Thrity Umrigar,30326
Sarah Blake,30320
Donald J. Sobol,30283
Immaculée Ilibagiza,30270
Sheri Reynolds,30267
Elisabeth Elliot,30254
Jerome K. Jerome,30250
Max Barry,30246
T.C. Boyle,30234
Tom Rath,30199
Chelsea M. Cameron,30177
Tessa Dare,30173
Esther Forbes,30157
Tim Tharp,30125
Taylor Jenkins Reid,30124
Amanda Coplin,30121
Don Winslow,30110
Bryn Greenwood,30089
Arthur Hailey,30040
Joel Osteen,30001
Thomas Paine,29952
Thea Harrison,29920
Naguib Mahfouz,29855
J.I. Packer,29848
James Herbert,29839
Benjamin Graham,29825
Gail Tsukiyama,29793
Hergé,29773
Drew Daywalt,29759
Mikhail Lermontov,29747
R.D. Ronald,29723
Zane,29721
Sloane Crosley,29695
Madeleine Roux,29687
Frederik Pohl,29685
Jessica Verday,29624
Penny Reid,29612
Mariko Tamaki,29592
Thomas Cahill,29586
Brynne Stephens,29556
Richard H. Thaler,29552
Al Ries,29522
Peter Carey,29486
Michel Foucault,29457
Natasha Preston,29425
Peter Shaffer,29411
John   Williams,29409
Amanda Lindhout,29369
Lindsey Kelk,29320
Nancy Garden,29278
C.G. Jung,29273
Donna VanLiere,29216
Claire LaZebnik,29207
James Allen,29122
Matt Ridley,29121
Pema Chödrön,29105
Steve Harvey,29059
Erich Fromm,29048
Grant Naylor,28986
Obert Skye,28952
Sue Townsend,28952
Heather Dixon,28950
George W. Bush,28943
Meg Rosoff,28896
Tom Franklin,28875
Herodotus,28870
Jack Gantos,28862
Pat Barker,28849
Joy Adamson,28820
Michelle A. Valentine,28776
Anna Kendrick,28719
Guy de Maupassant,28704
Felix Salten,28655
Tracey GarvisGraves,28651
Robyn Carr,28627
Immanuel Kant,28625
Cornelius Ryan,28625
Mihaly Csikszentmihalyi,28619
Meredith Wild,28618
William  Gibson,28617
Carolyn Jessop,28581
Edward Eager,28580
Alan Weisman,28549
Georgette Heyer,28480
Lorna Landvik,28453
Stephen Fry,28440
Danny Sugerman,28436
PierreAmbroise Choderlos de Laclos,28428
Pat Frank,28386
Jen Sincero,28346
Julia Hoban,28342
W.B. Yeats,28327
Donna Foley Mabry,28316
Felicia Day,28276
Stella Gibbons,28260
Paul O. Zelinsky,28202
Mahatma Gandhi,28177
Ayana Mathis,28058
Irwin Shaw,28024
Haven Kimmel,27928
Karen Miller,27894
Betty Crocker,27892
Kerrelyn Sparks,27854
Kate Douglas Wiggin,27831
Sarah Silverman,27706
Courtney Allison Moulton,27704
Kathryn Jackson,27695
Cece Bell,27630
Daniel OMalley,27569
Therese Anne Fowler,27563
Harold Bloom,27519
A.L. Singer,27469
Sandra Dallas,27462
Akira Toriyama,27382
Antony Beevor,27363
Bob McCabe,27361
Dorothy Allison,27358
Ariana Franklin,27332
Kathryn Croft,27332
Jennifer Worth,27270
J. Maarten Troost,27246
Han Kang,27242
Eugene ONeill,27215
Kanoko Sakurakouji,27196
Bryan Stevenson,27173
Charles Baudelaire,27124
Ashwin Sanghi,27037
Mary McGarry Morris,27034
Alice Schroeder,27007
Emma Healey,26931
Sally Green,26913
Helene Hanff,26899
Joyce Meyer,26898
Nate Silver,26888
Sam Kean,26820
E.L. Doctorow,26815
Cathy Marie Buchanan,26798
Gene Wolfe,26789
Paramahansa Yogananda,26713
Rory Freedman,26665
Sherry Argov,26662
Sarah Weeks,26658
Zilpha Keatley Snyder,26657
Leonardo da Vinci,26626
Jalaluddin Rumi,26575
Edward P. Jones,26550
Muriel Spark,26538
Mary Downing Hahn,26468
Pam Adams,26360
Ralph Waldo Emerson,26348
William R. Forstchen,26331
Thomas Hobbes,26284
Frank B. Gilbreth Jr.,26266
Roddy Doyle,26259
Brian Coffey,26242
Adrian Conan Doyle,26232
Noel Streatfeild,26211
Cherie Priest,26202
Kathleen E. Woodiwiss,26141
Eleanor Estes,26136
Chris Guillebeau,26097
Ian Rankin,26055
Sarah Thornton,26047
David  Brooks,26026
Robert Charles Wilson,26015
David Herbert Donald,25995
Jonathan Haidt,25959
Jack Finney,25951
Daniel H. Wilson,25914
Ruth Stiles Gannett,25905
Peter Høeg,25868
Gilly Macmillan,25865
Theodore Taylor,25832
Keith Ferrazzi,25826
Keri Arthur,25813
Banana Yoshimoto,25797
Bob Goff,25791
John Gardner,25787
Aristophanes,25758
Augustine of Hippo,25674
Primo Levi,25625
Linda Kage,25625
Miriam Toews,25583
Catherynne M. Valente,25551
Chris Anderson,25539
Ann McGovern,25518
Naoki Higashida,25504
Andrew Ross Sorkin,25493
Ed Catmull,25488
Barry Lyga,25487
Chris Hadfield,25474
Cora Reilly,25472
Jack Weatherford,25452
Marya Hornbacher,25452
Washington Irving,25433
Brian Michael Bendis,25422
Sejal Badani,25413
T. Harv Eker,25389
Günter Grass,25332
Heather Cocks,25312
Lew Wallace,25280
Yukiru Sugisaki,25247
Jacqueline Susann,25210
Richard Flanagan,25197
Maggie OFarrell,25188
Mary OHara,25180
Leah Remini,25172
Brandon Stanton,25141
Kieron Gillen,25138
Ron Rash,25082
Frida Kahlo,25038
Stephen Sondheim,25024
Denis Johnson,25006
Syd Hoff,24985
Kurtis J. Wiebe,24959
حسن الجندي,24959
Mike Lupica,24935
Sharon Guskin,24889
Andy Warhol,24879
Dalton Trumbo,24871
Michelle Magorian,24828
LinManuel Miranda,24800
Eileen Christelow,24781
The Harvard Lampoon,24779
Len Deighton,24775
Harriet Jacobs,24744
Henry Fielding,24718
Tammy Falkner,24680
Sarah Winman,24660
Alexander Hamilton,24648
Deborah Rodriguez,24609
Marcel Proust,24595
Kelly Creagh,24570
Brennan Manning,24568
Karma Wilson,24556
Alessandro Baricco,24546
Gabrielle Hamilton,24531
Eric Shanower,24529
James Dickey,24522
Dorie Greenspan,24492
Shunryu Suzuki,24481
Ben H. Winters,24453
A.P.J. Abdul Kalam,24450
JeanJacques Rousseau,24397
Grace Lin,24371
Lorrie Moore,24358
S.H. Kolee,24318
Ntozake Shange,24288
Lolly Winston,24273
Jon KabatZinn,24259
Jennifer L. Holm,24246
Bill Simmons,24245
Susan Hill,24200
Martin Amis,24103
Fiona Carnarvon,24091
V.S. Naipaul,24084
Al Franken,24071
Julie Kibler,24070
William H. Armstrong,24061
Al Perkins,24029
Rachel Carson,24027
A. Manette Ansay,23966
Katsura Hoshino,23910
Kohta Hirano,23895
Brother Lawrence,23889
Meca Tanaka,23881
Nujood Ali,23877
Tracy Brogan,23854
Kathleen Kent,23815
Mira Lyn Kelly,23812
Belva Plain,23790
Marieke Nijkamp,23764
Jim Carroll,23739
Helen Gardner,23738
Sister Souljah,23737
Kristen Simmons,23732
Patricia Reilly Giff,23708
Jay McLean,23670
Joshua Ferris,23614
Ellis Peters,23590
Nic Sheff,23544
J.P. Delaney,23500
Victoria Hislop,23415
J.  Daniels,23404
Alain de Botton,23391
Anthony Marra,23374
Catherine Gilbert Murdock,23306
Michael Moore,23303
Tim Winton,23300
Amy Tintera,23300
Clare Vanderpool,23298
Elizabeth  Smart,23294
Kevin J. Anderson,23291
Michelle Alexander,23205
Ernesto Sabato,23161
Lilian Jackson Braun,23114
Rhoda Janzen,23096
J.R. Moehringer,23055
Edward Bloor,23053
Joyce Maynard,23043
Cressida Cowell,23042
Richard J. Foster,23026
Eric    Weiner,23023
Mary Hoffman,23007
Thanhha Lai,22972
Brother Andrew,22970
Katherine Neville,22928
Sarah Rees Brennan,22927
خولة حمدي,22912
Andrew Williamson,22847
Bill Dedman,22819
Giovanni Boccaccio,22800
Laura Schroff,22781
C.J. Redwine,22745
Pierre Boulle,22742
Philip José Farmer,22741
Cherise Sinclair,22733
Ian Caldwell,22724
Charlie Higson,22720
Dawn J. Ranck,22697
Ben Goldacre,22692
Mary Pipher,22687
Enid Bagnold,22682
Terry McMillan,22624
Kyle Idleman,22613
Susan Sontag,22611
Rien Poortvliet,22584
Rita Mae Brown,22583
Anya Seton,22577
Katherine Allred,22577
Hester Browne,22562
Kathleen Tessaro,22544
Mark  Edwards,22534
Karl Marlantes,22525
Tommy Lee,22482
Cristina Henríquez,22461
Hannah  Green,22420
Betty White,22405
Phil Knight,22373
David Fishelson,22321
Jasmine Warga,22311
John Hart,22293
Jacqueline Kelly,22291
D.B.C. Pierre,22284
Edith Hahn Beer,22207
Julie   Murphy,22176
E.D. Baker,22176
Blue Balliett,22167
Lawrence Hill,22146
H.W. Janson,22146
Edwidge Danticat,22123
Shayla Black,22097
Karen   White,22066
Simon Garfield,22046
Kelly Elliott,22039
Rysa Walker,22031
Lacey Weatherford,22025
Suzanne Wright,21978
Rob Sheffield,21971
Marcus Sakey,21937
James L. Swanson,21927
Erma Bombeck,21919
Edmund de Waal,21885
Anne Rampling,21864
Maggie Nelson,21840
Elizabeth Chandler,21813
Nathan Filer,21798
Marjorie Kinnan Rawlings,21797
Henry T. Blackaby,21778
Barbara W. Tuchman,21776
Paul Theroux,21772
Stephen Coonts,21765
J.B. Salsbury,21733
Paul Beatty,21733
Arthur Ransome,21716
Stephanie Danler,21709
Isak Dinesen,21687
Lene Kaaberbøl,21666
Paul Harding,21665
Jenő Barcsay,21640
Kurt Busiek,21636
Jane OConnor,21619
Gina L. Maxwell,21617
Neil Patrick Harris,21596
J. Sheridan Le Fanu,21582
Rachael Ray,21573
Melinda Long,21554
Martha Stout,21550
L.A. Fiore,21543
Thucydides,21500
Sally   Thorne,21426
Robert Hughes,21410
Diana L. Paxson,21408
Knut Hamsun,21394
Chris Grabenstein,21376
غسان كنفاني,21331
Lisa Renee Jones,21313
G. Norman Lippert,21310
Paul Zindel,21278
William  Davis,21263
Kwame Alexander,21249
Alan Lightman,21241
Jay McInerney,21227
Kazune Kawahara,21210
Scott  Meyer,21203
George MacDonald,21200
Charles Portis,21199
Jamie Oliver,21180
Myla Goldberg,21160
Kathryn Erskine,21138
Carolyn Mackler,21129
Clarissa Pinkola Estés,21127
Elizabeth Kolbert,21113
Rick Bragg,21072
J. Ryan Stradal,21071
Jean Rhys,21053
Seanan McGuire,21030
Tawni ODell,21022
Monica Ali,21002
Barry Schwartz,20990
Rebecca Forster,20987
Jillian Dodd,20981
Alan W. Watts,20977
Viet Thanh Nguyen,20972
Peter M. Senge,20935
Jean Webster,20889
Anthea Bell,20872
Marybeth Mayhew Whalen,20868
Nathan  Hill,20807
Ben Fountain,20778
Andy Goldsworthy,20745
Elizabeth Haynes,20725
Arnaldur Indriðason,20721
Koren Zailckas,20658
Legs McNeil,20652
Verna Aardema,20639
Rob Buyea,20632
Steve Perry,20620
Kate Beaton,20587
David McRaney,20583
Kendra Elliot,20582
Julietta Suzuki,20569
J.L. Bourne,20569
Laila Ibrahim,20554
Katherine Hannigan,20551
Chris Pavone,20548
Brad Stone,20539
Brunonia Barry,20534
Nikki Sixx,20531
Caroline Preston,20508
Katie J. Davis,20500
Christine Zolendz,20488
Joseph Kesselring,20473
Ludwig Wittgenstein,20472
Kate Alcott,20464
Kimberly Lauren,20457
Juan Rulfo,20450
Angela Carter,20438
Diane Duane,20408
Barbara Cooney,20403
Steven Galloway,20403
Jean Ferris,20394
Derf Backderf,20390
Alexander Osterwalder,20389
Iris Murdoch,20355
W.E.B. Du Bois,20355
Jill Leovy,20287
Jenny Offill,20253
Steve Hockensmith,20207
Joni Eareckson Tada,20191
Claire Huchet Bishop,20189
Wednesday Martin,20174
Susan Crandall,20168
Sherwood Anderson,20125
Glennon Doyle Melton,20094
Cupcake Brown,20083
Amanda Palmer,20075
Sally Bedell Smith,20063
Gerald Durrell,20057
Diane Ackerman,20056
Jean Sasson,20019
Helena Hunting,20014
Tobias Wolff,19981
Wes  Moore,19964
Margot Lee Shetterly,19947
Leila Sales,19947
Mark Helprin,19932
Jennifer Ashley,19932
Vera B. Williams,19919
Vaddey Ratner,19884
Jane Harper,19843
Philipp Meyer,19821
Mark Dunn,19819
Sabahattin Ali,19806
Brit Bennett,19784
Margaret Sidney,19780
Tim Burton,19773
Marina Keegan,19771
Jim Starlin,19765
Kay Thompson,19765
Beryl Markham,19738
Paolo Giordano,19734
John Perkins,19726
A.C. Gaughen,19665
Fernando Pessoa,19662
Rachel Simon,19655
David Mazzucchelli,19635
Henry Cloud,19619
Peter  May,19615
Julia Donaldson,19609
Don Ferguson,19553
Sherwood Smith,19546
Ilsa J. Bick,19532
Heather Burch,19509
Ben Horowitz,19492
Daniel C. Dennett,19471
Elissa Wall,19468
L.A. Casey,19434
Wallace D. Wattles,19433
John             Lewis,19430
S.C. Gwynne,19423
Avery Monsen,19423
Stephen C. Lundin,19405
Sylvain Neuvel,19371
Jessica Shirvington,19343
Nicholas Meyer,19334
Anne Fortier,19328
E.C. Diskin,19322
Norman Doidge,19319
Noah Gordon,19310
Michael Punke,19289
Josh McDowell,19269
Deborah Guarino,19267
Miyamoto Musashi,19246
Amy Lichtenhan,19241
Sean Covey,19240
Trina Schart Hyman,19224
Jun Mochizuki,19222
Tamara Ireland Stone,19214
Richard Condon,19205
Per Petterson,19199
Dorothy Kunhardt,19187
Bryan Burrough,19176
L.A. Meyer,19147
Marianne Williamson,19144
Heidi W. Durrow,19139
Loretta Chase,19137
Michael Blake,19133
James M. McPherson,19132
Eric Litwin,19122
Eric Knight,19100
Tiffany Reisz,19094
Camille Pagán,19073
Jodi Meadows,19034
Robert Masello,19019
Nadia Hashimi,19016
Marilyn Manson,19011
Deborah Blum,18997
Lucy Grealy,18982
Melanie Gideon,18974
Ernesto Che Guevara,18964
BookRags,18960
Brian L. Weiss,18956
Marguerite Duras,18947
Rita WilliamsGarcia,18913
Ildefonso Falcones,18906
Lloyd C. Douglas,18903
Machado de Assis,18896
Graeme Base,18886
L.E. Modesitt Jr.,18879
Katie Alender,18862
Kathryn Lasky,18830
عائض القرني,18825
Chris   Smith,18788
Kimberly Brubaker Bradley,18782
Julianna Baggott,18778
Bella Andre,18776
D.M. Pulley,18773
Colin Meloy,18770
David James Duncan,18745
Kenneth Oppel,18717
Philip Gourevitch,18716
Cate Tiernan,18691
Harold G. Moore,18688
Walker Percy,18655
Simone de Beauvoir,18648
G.A. Aiken,18622
Jenna Black,18605
Mike Mullin,18583
Bill Buford,18583
Andrew  Peterson,18578
Shane Claiborne,18566
Leslye Walton,18562
Jordan Sonnenblick,18551
Jeffrey D. Sachs,18544
Michael Moss,18542
Amazon,18510
Jesmyn Ward,18505
Charles R. Cross,18496
Chris Gardner,18492
Matthew  Thomas,18488
Natalie Goldberg,18477
Robison Wells,18473
Henryk Sienkiewicz,18466
Guy Kawasaki,18466
Steven Levy,18464
Ivan Goncharov,18458
James Surowiecki,18457
Ann Packer,18445
Susan Mallery,18437
Bryan J.L. Glass,18430
Lincoln Child,18413
Joe McGinniss,18395
Sydney Taylor,18383
Rudolfo Anaya,18380
Jessica Anthony,18375
Elizabeth Reyes,18346
Matthew Dicks,18344
Melody Beattie,18340
Marie Simchow Stern Masha,18327
Willow Aster,18327
Daniel Woodrell,18306
Doug Moench,18298
Ilana Tan,18290
Jordan Belfort,18289
Giorgio Vasari,18288
Susan  Jeffers,18278
Pamela Druckerman,18276
Ram Dass,18275
Charlotte Rogan,18260
Charles M. Sheldon,18254
Amelia AtwaterRhodes,18231
Kevin    Wilson,18214
Marina Lewycka,18204
Ridley Pearson,18193
Melissa Landers,18171
Cynthia Kadohata,18166
Molly Harper,18122
Diane Mowat,18113
Sid Fleischman,18090
Larry Bossidy,18065
Laurann Dohner,18050
Christos Tsiolkas,18037
Rebecca Housel,18027
Maud Hart Lovelace,18024
Ken Grimwood,18019
Victoria Jamieson,18014
Marko Kloos,18000
Slash,17989
James Bowen,17971
Shelly Laurenston,17968
Sarah Pinborough,17944
Jerry Pinkney,17941
Elisabeth KüblerRoss,17937
Eve Ensler,17935
Rebecca Solnit,17918
Harry GregsonWilliams,17866
Linda Castillo,17862
Kevin Powers,17858
Pearl Cleage,17853
Lily Koppel,17837
Jessica Seinfeld,17837
Kady Cross,17825
Shakti Gawain,17811
Sheila Turnage,17797
Joseph Fink,17781
Maxine Hong Kingston,17781
R.S. Grey,17771
Susan Dennard,17752
Sonia Sotomayor,17742
Lesley Livingston,17738
Michael Moorcock,17728
Tere Liye,17711
Katee Robert,17710
Ben Mikaelsen,17706
Paula Brackston,17694
Arkady Strugatsky,17689
Frank De Felitta,17688
S.A. Bodeen,17687
Fábio Moon,17679
William  Boyd,17673
Helen Oyeyemi,17667
Juan Gabriel Vásquez,17652
Megan Shepherd,17647
E.L. Montes,17627
Iain Pears,17604
D.C. Talk,17602
David Small,17589
Myra McEntire,17572
Catherine Coulter,17561
Jude Fisher,17526
Rhys Bowen,17498
Katie Klein,17479
Loung Ung,17459
Natasha Anders,17458
Kingsley Amis,17448
Jacquelyn Frank,17448
Peter H. Reynolds,17436
Teri Terry,17404
LouisFerdinand Céline,17388
William Pène du Bois,17385
Gerard Way,17384
Melinda Haynes,17378
Lauren Willig,17367
Simon Wood,17367
Emmy Laybourne,17360
PeachPit,17351
Erika Swyler,17345
Gina Mayer,17335
Anchee Min,17318
Po Bronson,17310
Katie MacAlister,17279
Gary Vaynerchuk,17271
Amy Efaw,17238
Olivia Goldsmith,17219
Andrea Levy,17205
Lawrence M. Krauss,17204
George R. Stewart,17200
Gertrude Crampton,17186
Adam Smith,17180
James E. Talmage,17179
Gigi Levangie Grazer,17173
Sogyal Rinpoche,17170
Harper Sloan,17147
Bill Clegg,17129
Chris Ware,17128
Carrie Brownstein,17102
John Keats,17101
David D. Burns,17065
Kim Holden,17046
Farley Mowat,17045
Eric Berne,17035
Craig Ferguson,17033
Robert Lynn Asprin,17018
Foundation for Inner Peace,17015
Sarah Simblet,17000
Wanda Gág,16991
Elizabeth Flock,16975
L.D. Davis,16958
Alan Bennett,16957
Eugene B. Sledge,16952
Joseph Murphy,16951
Ed Brubaker,16933
Ozzy Osbourne,16922
Barbara Park,16918
Robert Kurson,16917
Laura  Barnett,16900
Iris Chang,16875
Trinka Hakes Noble,16875
Yōko Ogawa,16865
Erica Bauermeister,16853
Alfred Uhry,16829
Arthur Koestler,16818
John Heilemann,16800
Aldo Leopold,16792
Tony Horwitz,16792
Alwyn Hamilton,16789
Jason F. Wright,16776
Randy Shilts,16769
Laura Whitcomb,16769
Julie Hockley,16741
S.K. Tremayne,16718
Rachel Ward,16717
Stefan Zweig,16716
Kim Carpenter,16705
Neil Strauss,16698
Michael Teitelbaum,16654
Betty Mahmoody,16650
Rachel Dratch,16604
Hope Jahren,16594
Irving Shulman,16593
Victoria Kann,16585
Siobhan Vivian,16569
Helen Bryan,16565
John Banville,16558
Russell Brand,16553
Dian Fossey,16551
Jocelyn Davies,16529
Norman Maclean,16501
Lettie B. Cowman,16497
Paul Bowles,16494
T. Colin Campbell,16485
John Steptoe,16479
Liz Kessler,16453
Jerome Lawrence,16418
Elisabeth Egan,16405
John Joseph Adams,16405
Paul Tough,16402
Paulo Freire,16401
Tomoko Hayakawa,16399
Philippa Pearce,16398
Andy Andrews,16390
Matthew Norman,16377
Annie North Bedford,16375
Eric Clapton,16369
Jennifer Chiaverini,16366
Anne Rivers Siddons,16364
Elizabeth Norris,16361
Jaclyn Moriarty,16357
Robin Oliveira,16348
Li Cunxin,16340
Cristin Terrill,16338
Robert Henri,16333
Elizabeth Haydon,16329
Peter F. Drucker,16326
Georgia Byng,16311
Rachel Hauck,16310
Jim Gaffigan,16304
Adolf Hitler,16285
Natsumi Ando,16281
Ted Chiang,16252
Eloisa James,16245
John Fante,16226
Gemma Malley,16224
Kiyoko Arai,16223
Jodi Lynn Anderson,16217
Lori Lansens,16201
Elizabeth George,16200
Janice Y.K. Lee,16172
Ulrich Bischoff,16169
Camron Wright,16153
Greg McKeown,16137
Malika Oufkir,16134
ياسر حارب,16117
Katsuhiro Otomo,16116
Ilsa MaddenMills,16115
Cindy C. Bennett,16007
Gloria Steinem,15997
Livia E. BittonJackson,15987
Reginald Rose,15986
Marian Potter,15978
Cooks Illustrated Magazine,15971
Thomas S. Kuhn,15950
Brenna Yovanoff,15945
Jim Kjelgaard,15923
Alexis de Tocqueville,15917
Lisa Tawn Bergren,15884
Alton Brown,15870
Deb Perelman,15860
Dmitry Glukhovsky,15858
Alan Hollinghurst,15844
Malcolm Lowry,15832
Darcie Chan,15821
Robert Fulghum,15816
Nathanael West,15798
Julie Klassen,15782
Anton DiSclafani,15769
Elmore Leonard,15747
Thomas Tryon,15719
أحمد حلمي,15708
Caralyn Buehner,15697
William Least HeatMoon,15693
Jennifer Rush,15692
Michelle Paver,15673
Jill Mansell,15669
Dorothy Gilman,15666
Melissa Müller,15656
John Lawrence Peterson,15650
Denise Kiernan,15644
Gwen Hayes,15637
Irin Carmon,15626
Josephine Tey,15626
Roger Lowenstein,15619
Gilles Néret,15611
Chris Ryall,15599
Phil Klay,15597
Sara Pennypacker,15584
Julie Buxbaum,15565
Joseph Wambaugh,15558
Laura McHugh,15533
Steve Niles,15532
Johanna Lindsey,15496
Bruce Degen,15478
Paulette Jiles,15476
L.J. Shen,15460
Susan S. Adler,15460
Allison Pearson,15456
Philip C. Stead,15444
Rachel Abbott,15407
Claire Contreras,15396
Sarah Mlynowski,15396
Sudhir Venkatesh,15387
Shaunti Feldhahn,15385
Tachibana Higuchi,15373
Sheri  Fink,15344
Ambrose Bierce,15332
H.W. Brands,15323
Wiley Cash,15318
Kelly McGonigal,15318
Hervé Tullet,15315
Kevin Stein,15313
Cheryl McIntyre,15306
P.B. Kerr,15306
Niall Ferguson,15286
Ha Jin,15277
David Axton,15271
Lindy West,15258
Carol Tavris,15249
Judith Guest,15207
Trish Doller,15206
Lauren Blakely,15203
Nikos Kazantzakis,15203
Laurie Notaro,15198
Matthew Desmond,15165
Sara B. Larson,15160
Amanda Grange,15151
Laura Ruby,15150
Johnny Cash,15113
Keri Hulme,15110
منى المرشود,15108
Willy Lindwer,15096
Jami Attenberg,15075
Jonathan Cahn,15063
John  Stephens,15057
Jessica Livingston,15049
Adam Gidwitz,15041
Booker T. Washington,15038
Danielle L. Jensen,15026
Willard F. Harley Jr.,15008
Marie Force,14989
Taylor Caldwell,14980
Bruce Coville,14976
Carolyn  Parkhurst,14966
Joan Bauer,14954
Ted Kerasote,14953
David Farland,14938
Julia Heaberlin,14886
Edan Lepucki,14870
Hannah Harrington,14867
John Corey Whaley,14852
Janet Stevens,14851
Alfred Tennyson,14848
Dorothy Koomson,14811
Ellen Titlebaum,14811
Ian Doescher,14806
Natsuo Kirino,14795
Neil Shubin,14784
Elizabeth Ross,14779
Gloria Naylor,14777
Charlie Jane Anders,14769
Diane Arbus,14769
Richard A. Knaak,14765
Conor Grennan,14765
John M. Barry,14762
Jo Walton,14761
Michael Thomas Ford,14749
Frederick Franck,14748
Addison Moore,14747
Elle Casey,14739
Jill Bolte Taylor,14734
Tori Spelling,14699
QuinRose,14692
Michael A. Singer,14688
Annie Dillard,14685
Roy Thomas,14660
Francisco X. Stork,14651
Robert Harling,14651
Harriet Lerner,14640
Jerry A. Coyne,14637
Paul Murray,14619
John Darnielle,14618
Elizabeth Winthrop,14611
Joël Dicker,14610
Gavin de Becker,14609
Maki Minami,14607
Robert Descharnes,14600
Peter Watts,14583
Eleanor Coerr,14578
Jerry Bridges,14574
Katarina Bivald,14571
William Zinsser,14564
Christopher Isherwood,14554
Marshall Goldsmith,14545
James   McBride,14538
Heather ONeill,14535
Caroline Alexander,14529
Gloria Levine,14513
Malinda Lo,14513
Lauren Myracle,14505
Kim Gordon,14491
Joe Hart,14487
Bob Ong,14481
Ford Madox Ford,14471
Janet Briggs,14469
Ori Brafman,14464
Jeff Hobbs,14451
Nancy Pickard,14423
Eva Ibbotson,14422
Connor Franta,14397
Brian Lumley,14397
Karen Russell,14384
Martin Heidegger,14383
Michael Dorris,14380
Sarah Prineas,14371
Aron Ralston,14350
Scott Sigler,14346
Ed Young,14340
Geoffrey A. Moore,14329
Ed Emberley,14322
David  Arnold,14312
Yōko Kamio,14295
Anne Enright,14292
Bryan Konietzko,14288
Daniel Tammet,14287
Leisa Rayven,14286
Jerzy Kosiński,14284
Linda Williams,14270
Sarah BlakleyCartwright,14220
John Galsworthy,14218
Sandy   Hall,14206
Lurlene McDaniel,14197
Cath Crowley,14176
MaryJane Knight,14173
Giles Andreae,14144
Tony Hillerman,14138
Roger Lea MacBride,14135
Laura Dave,14135
Kaui Hart Hemmings,14124
Claudia Rankine,14115
Jeffery Hudson,14109
Paul Tremblay,14101
Gennifer Albin,14101
Natasha Solomons,14092
Dean R. Koontz,14092
Tara Sue Me,14069
John Patrick Shanley,14050
Joseph Stein,14049
Cat Patrick,14045
Fuyumi Soryo,14044
Hiroyuki Takei,14043
Suzanne Weyn,14037
Alexander Gordon Smith,14024
Jeffrey Brown,14005
C.S. Friedman,13994
Vikas Swarup,13986
Truddi Chase,13975
Patricia Gaffney,13969
Kentaro Yabuki,13945
Susan Coolidge,13935
Poppy Z. Brite,13905
Tetsuko Kuroyanagi,13859
Ronald H. Balson,13856
Langston Hughes,13835
Sara Nović,13827
David Colbert,13820
Paul Pen,13815
Lauren Morrill,13803
Aya Nakahara,13801
Spencer W. Kimball,13795
Doris Lessing,13790
Nancy E. Shaw,13788
Lynn Flewelling,13781
James Grady,13779
Tonya Hurley,13779
David Almond,13778
David Auburn,13777
Amy  Stewart,13775
Jonathan Kozol,13743
Deanna Raybourn,13731
Katharine Graham,13714
Gerda Weissmann Klein,13710
Stephen M.R. Covey,13708
James Alexander Thom,13697
Ilya Ilf,13688
Emily Murdoch,13683
George C. Perry,13681
Thomas E. Sniegoski,13676
Steven  Rowley,13667
Steven Naifeh,13659
Elizabeth   Hunter,13646
Dallas Hartwig,13643
Laurence Sterne,13641
Matthew      Lewis,13633
Nick Offerman,13627
Sarah Macdonald,13627
Annette Pollert,13626
Dale Brown,13607
Jana Oliver,13585
Sean Patrick,13584
Boris Vian,13580
Marlon James,13578
Catherine McKenzie,13574
Leslie Feinberg,13570
Mem Fox,13568
Alexandre Dumas fils,13562
Julia Scheeres,13562
Alex Kava,13542
Thor Heyerdahl,13541
Tyler Oakley,13541
Spencer Quinn,13525
Lucy Knisley,13518
Jon Lee Anderson,13516
Ali Novak,13515
Anna Lee Waldo,13504
Sarah Crossan,13504
Raymond Briggs,13496
Jack Ketchum,13491
Petra DurstBenning,13478
Laura C. Schlessinger,13465
Perry Moore,13464
Joan Aiken,13463
Laura Wiess,13445
Simon Schama,13423
John D. Fitzgerald,13422
Stephen Greenblatt,13405
Gary Keller,13388
Donald Crews,13380
William Kamkwamba,13374
Jim Benton,13347
John Steakley,13330
Mary Elizabeth Braddon,13329
Allan Pease,13328
Joseph ONeill,13314
Molly Wizenberg,13310
Kathleen Winsor,13286
Ellis Avery,13280
Stephanie Dray,13279
Robin Benway,13260
Hugh Laurie,13247
Richard Koch,13241
Anna Maxted,13240
Edmund Spenser,13239
Scott Belsky,13229
Angela Elwell Hunt,13226
Rachel Kushner,13225
Holly Madison,13213
F. Paul Wilson,13211
Lisa Jackson,13190
Dylan Thomas,13188
R. Scott Bakker,13146
Tony Hawks,13143
Rolf Potts,13128
Robert Graysmith,13120
Chris Heimerdinger,13112
Yuna Kagesaki,13110
April Henry,13108
James  Jones,13106
Eric Hill,13105
Grace Draven,13105
Cynthia Rylant,13099
Alex Gino,13093
Andre Norton,13092
Gene StrattonPorter,13071
Erica Jong,13061
Patricia Polacco,13049
Thomas Piketty,13045
Naomi Wolf,13037
Harvey Karp,13035
Alice Waters,13022
Jill Murphy,13003
Mineko Iwasaki,12995
J. Michael Straczynski,12982
Rachel Maddow,12980
Walter Mosley,12969
Becky  Chambers,12969
Kristin Levine,12962
Jon J. Muth,12956
Stephen E. Robinson,12951
Marti Olsen Laney,12950
Jinsei Kataoka,12932
Horace Walpole,12921
Paul Galdone,12918
Glenn Beck,12916
Marv Wolfman,12915
Cassie Dandridge Selleck,12912
Jill Conner Browne,12903
Guy Delisle,12903
Sarra Manning,12898
Jess Rothenberg,12890
Esther Earl,12887
Jamie Delano,12881
Denis Leary,12880
Philip Reeve,12868
Gosho Aoyama,12867
Carol Lynch Williams,12865
Masami Tsuda,12863
Drew Barrymore,12855
Ellen Stoll Walsh,12839
Twyla Tharp,12838
Kevin D. Mitnick,12831
Benedict Freedman,12826
Leonard Mlodinow,12818
James Lincoln Collier,12817
Jim Bouton,12805
Burton G. Malkiel,12774
Thomas A. Harris,12756
Kiyohiko Azuma,12754
Sarah McCoy,12752
Janet Ahlberg,12747
Krista Ritchie,12746
Melanie Rawn,12739
Andrew Loomis,12735
Meg Jay,12731
Liz Moore,12722
Michael Frayn,12709
Gordon B. Hinckley,12708
John Buchan,12704
Alexandra Potter,12698
محمد السالم,12690
Angela Johnson,12689
Mhairi McFarlane,12687
Craig Silvey,12680
Mac Barnett,12679
Roy F. Baumeister,12667
Liz Murray,12664
William Nicholson,12654
Jenna Miscavige Hill,12643
Sara Douglass,12632
Susan Elia MacNeal,12631
Dan Jurgens,12630
Jenny OConnell,12623
Debra Dean,12620
Benedict Jacka,12609
John Ortberg,12608
Adelle Waldman,12598
عبدالله المغلوث,12587
Loreth Anne White,12579
Fritjof Capra,12576
Gavin Extence,12573
Elisabeth Naughton,12572
Neil Simon,12571
Byron Katie,12568
Thomas à Kempis,12563
Paul Hattaway,12537
J.J. Abrams,12533
Anthony Hope,12530
Donny Dhirgantoro,12527
Christopher  Ryan,12521
Katie Cotugno,12515
Geoff Colvin,12511
Maria Dahvana Headley,12510
Joanna Weaver,12501
Courtney Milan,12494
The Beatles,12474
Ryan Holiday,12470
Thomas C. Foster,12467
Judith Krantz,12465
Cheryl Rainfield,12452
Anna Jean Mayhew,12446
Robert Shea,12444
Khushwant Singh,12439
Stephen R. Lawhead,12435
Elly Griffiths,12427
Jeffrey Toobin,12426
Jim Thompson,12425
Gary Jennings,12422
Herman Parish,12422
Ruth Krauss,12420
Robert Hicks,12419
Robin Furth,12413
Amy Zhang,12411
Doug Stanton,12406
Saroo Brierley,12404
Alice McDermott,12401
John Gribbin,12399
Sandra Gulland,12398
Margot Livesey,12391
Sonya Sones,12388
Jenny McCarthy,12382
Danielle Trussoni,12377
Thomas  Moore,12375
Morgan Rice,12368
Iris Rainer Dart,12362
Françoise Sagan,12355
Tom Brokaw,12346
Habiburrahman ElShirazy,12345
Hope Larson,12337
Keigo Higashino,12336
James L. Ferrell,12313
Melissa Anelli,12308
Donald McCaig,12299
Misty Bernall,12272
Scott Cunningham,12264
Robert  Beatty,12256
Dolen PerkinsValdez,12250
Michelle Richmond,12248
John P. Kotter,12245
Caroline Knapp,12234
Marcus Samuelsson,12230
Mary Lawson,12220
Leil Lowndes,12206
Richard Rhodes,12201
V.S. Ramachandran,12194
William  Kennedy,12194
Ben Avery,12192
Jonathan Renshaw,12166
Josh Kaufman,12165
Andrew Stanton,12160
T.A. Barron,12146
Rosalind Miles,12132
KyungSook Shin,12130
Amy Gentry,12121
Gemma Burgess,12117
John Foxe,12117
Nevada Barr,12113
Bette Greene,12108
Corban Addison,12091
Clifford D. Simak,12087
Americas Test Kitchen,12081
Shana Norris,12080
Phaedra Patrick,12080
Genevieve Cogman,12058
Ruth Wariner,12045
Ina May Gaskin,12044
Dominic Smith,12029
Mordicai Gerstein,12022
Donald Hall,12019
Sonali Deraniyagala,12008
August Wilson,11991
Anthony Ryan,11985
Hidekaz Himaruya,11985
خالد الخميسي,11981
Melvin Burgess,11971
David Eagleman,11957
Sara Paretsky,11954
Martha Grimes,11947
Jean Lee Latham,11933
Shūsaku Endō,11917
S.M. Stirling,11912
Amanda Knox,11891
Anne Sexton,11888
Andrew Solomon,11879
John Verdon,11877
Anita Amirrezvani,11871
Robert Jackson Bennett,11863
Philip G. Zimbardo,11860
Julie Gregory,11860
Bruce Campbell,11853
Chelsea Fine,11849
Donald A. Norman,11838
Deborah Ellis,11816
Carlos Fuentes,11788
Zoë Heller,11774
Marcia Clark,11761
Daron Acemoğlu,11752
Charles Bernard Nordhoff,11746
Georg Wilhelm Friedrich Hegel,11744
William Carlos Williams,11740
R.D. Blackmore,11716
Dean Karnazes,11706
Donna Leon,11705
Eric Schmidt,11703
Christopher Priest,11701
Steve Martini,11696
John Katzenbach,11685
Evan Wright,11680
Roderick Gordon,11678
Jim Cymbala,11677
David R. Gillham,11676
Toni Aleo,11676
L. Ron Hubbard,11671
Sarah L. Delany,11668
Lloyd Jones,11657
Robertson Davies,11651
David Hume,11646
Yangsze Choo,11645
Lambert M. Surhone,11643
Breena Clarke,11642
Charles M. Schulz,11639
Mélanie Watt,11638
David Mamet,11636
Mark Mathabane,11633
Miranda Hart,11626
Amanda Foreman,11621
Nick Cutter,11620
Tony Parsons,11603
Louise Jensen,11603
Richard Siken,11597
Gary Taubes,11569
Val McDermid,11562
Cammie McGovern,11559
Kristin Kimball,11559
Leslie Marmon Silko,11547
Lisa Jewell,11546
Chris Crutcher,11544
Miranda BeverlyWhittemore,11544
Alisa Kwitney,11538
pleasefindthis,11533
Lisa ODonnell,11530
R.K. Narayan,11527
Daniel Wallace,11526
Terry Jones,11518
Rene Denfeld,11515
Natasha Friend,11497
Patricia M. Scarry,11493
Lauren Henderson,11485
Walter Lord,11475
Kōbō Abe,11467
Cathy Glass,11465
Elizabeth Bard,11458
Jason Mott,11449
Manning Marable,11448
Katherine Addison,11443
Tim Johnston,11443
Alan Cumming,11436
John Shors,11427
Margaret Leroy,11421
Tom Sniegoski,11416
James D. Watson,11415
Michael A. Stackpole,11405
Patty Lovell,11397
Rita Golden Gelman,11380
Ivan Doig,11379
Liesl Shurtliff,11376
Jacqueline Briggs Martin,11362
Peter Hedges,11352
Joanna Trollope,11346
Renée Knight,11329
Kate Summerscale,11316
Martin E.P. Seligman,11310
Friedrich A. Hayek,11306
Jeff Lemire,11306
Geoff Johns,11302
Martin Waddell,11299
Preeti Shenoy,11292
Megan McDonald,11289
Jonah Berger,11287
Suetonius,11283
Heinrich Harrer,11283
Peggy Orenstein,11279
Clare Naylor,11268
Debora Geary,11264
NoViolet Bulawayo,11262
Martin Luther King Jr.,11261
Linda Fairstein,11250
John Hodgman,11246
Dick KingSmith,11229
Elaine Pagels,11216
Sheldon Vanauken,11207
Chuck Wendig,11207
Amy Bloom,11205
Ellen Levine,11204
Nancy Reagin,11186
Pamela Des Barres,11172
Steve Sheinkin,11164
David Starkey,11163
David A. Vise,11158
John Cheever,11156
Sam Smith,11148
Alex   Sanchez,11146
Dale Wasserman,11142
Frantz Fanon,11142
Hannu Rajaniemi,11137
Shawn Achor,11131
Nancy Tillman,11125
Howard Schultz,11119
M.O. Walsh,11118
Chris Claremont,11113
Rick Atkinson,11111
Cynthia J. McGean,11106
Isabel Wolff,11104
Bruno Ernst,11103
Amanda Brown,11094
Mircea Eliade,11079
Jeff Brown,11078
Sara Ryan,11076
Albert Einstein,11069
Anita Brookner,11066
Adam Gopnik,11065
Nando Parrado,11057
Wayne A. Grudem,11053
Kate Grenville,11051
Lynley Dodd,11051
Alisa Valdes,11045
Morris Gleitzman,11045
Gemma Halliday,11034
Alex Lake,11029
Tracy Letts,11023
John Brunner,11021
Steven Hall,11010
Denise Grover Swank,11006
Apostolos Doxiadis,11004
Greg Rucka,11001
Rachel Bertsche,11001
Billy Collins,10999
Scott Dikkers,10999
Todd J. McCaffrey,10996
Josh Bazell,10987
Glen Duncan,10986
Søren Kierkegaard,10983
Caitlin Doughty,10979
R.C. Sproul,10960
Erskine Caldwell,10959
Alice LaPlante,10954
Corina Bomann,10944
Adele Faber,10931
Ken Akamatsu,10926
M.C. Beaton,10925
Pauline Réage,10922
James Hilton,10907
James Agee,10900
Uwem Akpan,10899
Garr Reynolds,10896
Nick Bruel,10884
محمد عبد الرحمن العريفي,10882
Mark Walden,10881
Melissa Nathan,10872
Michael E. Porter,10850
Marc Guggenheim,10844
Leila Meacham,10837
Ben Hatke,10832
Jane Lynch,10824
Bernadette RossettiShustak,10808
Heidi Murkoff,10807
Henri J.M. Nouwen,10802
Masaru Emoto,10800
Liza Klaussmann,10800
Paul Jenkins,10790
Mike Birbiglia,10790
William March,10765
Anderson Cooper,10758
Shiv Khera,10752
Kiyo Fujiwara,10738
Theodore Sturgeon,10733
Marcella Hazan,10729
Randall Wallace,10729
Stephanie Bond,10719
Nicky Cruz,10697
Diablo Cody,10669
Sarah Turnbull,10668
Steven Callahan,10666
Stephen              Jones,10663
John OHara,10663
C.J. Box,10659
Alan    Richardson,10653
Maxwell Maltz,10652
José Maria de Eça de Queirós,10649
Richard Llewellyn,10648
Dinah Bucholz,10643
Anne Michaels,10642
Paul  Hoffman,10638
Forrest Carter,10632
Harold McGee,10631
Lord Byron,10630
Ann Cleeves,10617
Justin Torres,10616
Harold S. Kushner,10615
Jennifer Haigh,10610
Carol Burnett,10609
Tedd Arnold,10608
Jonathan L. Howard,10603
Margaret Edson,10601
Dan Chaon,10598
Mireille Guiliano,10584
Howard E. Wasdin,10582
Simon Kuper,10577
Erin Gruwell,10567
Randy Susan Meyers,10567
Peter Lynch,10563
Michael Azerrad,10562
Anaïs Nin,10561
Walter Moers,10560
Safiy alRahman alMubarakfuri,10558
Nella Larsen,10544
Bethany McLean,10525
Assata Shakur,10518
Tom Standage,10473
Kim Gruenenfelder,10464
Ottessa Moshfegh,10460
Edward Said,10458
Jean Anouilh,10449
David Hackett Fischer,10445
Abigail Haas,10439
Laurence Rees,10437
Fisher Amelie,10427
David B.,10414
Sarah Palin,10392
Smith Henderson,10390
Michael Herr,10383
Kim Karr,10379
Susan  Wilson,10379
François Rabelais,10379
بهاء طاهر,10365
Gayle Tzemach Lemmon,10365
Kentaro Miura,10362
Dick Riley,10356
Flann OBrien,10352
Steven Spielberg,10351
Kurt Cobain,10349
The Waiter,10341
John Searles,10334
Bob Grant,10332
Gregg Andrew Hurwitz,10320
Stephen Clarke,10319
Stephen Hunter,10318
Grady Hendrix,10313
Alex Kotlowitz,10312
Julio Cortázar,10309
David Perlmutter,10305
Martin Pistorius,10303
Noam Chomsky,10301
Jacqueline Davies,10293
Harry Harrison,10285
Robert   Foster,10280
David Simon,10279
Barthe DeClements,10276
Larry Levin,10273
Cathy Hopkins,10270
Jim Krueger,10232
Judith Kerr,10229
H.P. Mallory,10228
Tan Twan Eng,10211
Ramit Sethi,10209
Joe Navarro,10204
Ibraheem Abbas,10203
Geneen Roth,10201
Gavin Menzies,10200
Leah Wilson,10189
Slavomir Rawicz,10188
Helen Hooven Santmyer,10177
Carolly Erickson,10172
María Dueñas,10166
David Byrne,10163
Charlie Lovett,10154
André Aciman,10154
Mario Benedetti,10137
Eldridge Cleaver,10123
American Psychiatric Association,10114
Tom Shales,10112
Edward M. Kennedy,10111
Phil Robertson,10102
Larry Bond,10098
Amy Waldman,10096
David Bach,10091
Barbara Claypole White,10090
Louise Doughty,10082
Christopher Chabris,10080
Bart D. Ehrman,10075
Hiroshi Sakurazaka,10073
Christiane F.,10070
Paula H. Deen,10026
Ahmad Fuadi,10018
Stephanie Kallos,10014
Keri Smith,10012
Firoozeh Dumas,10008
John D. MacDonald,10006
Bert Dodson,10004
Elizabeth  Little,10004
Kimberly Rae Miller,10002
Glen David Gold,10000
صلاح جاهين,9995
Dean Hughes,9995
Jackie Collins,9994
Carl R. Rogers,9988
Marlo Morgan,9981
Siri Hustvedt,9974
Josh KilmerPurcell,9963
Jill Alexander Essbaum,9949
Steve Alten,9946
Yasunari Kawabata,9942
ÉricEmmanuel Schmitt,9928
Django Wexler,9926
Adam M. Grant,9918
Lama Surya Das,9912
Gwen Cooper,9907
Austin Grossman,9878
Nickolas Butler,9878
Walter Benjamin,9875
Indu Sundaresan,9873
Ben Carson,9871
Omar Tyree,9869
Christiane Northrup,9867
Charlie LeDuff,9860
Lori Brighton,9825
Ian Mortimer,9824
Betty Friedan,9823
Joe Sacco,9823
Kate Clifford Larson,9819
Cynthia Swanson,9818
Annie Barrows,9815
Neil deGrasse Tyson,9815
Luke Rhinehart,9813
Confucius,9807
خالد الباتلي,9807
Malvina G. Vogel,9805
Stephanie Evanovich,9798
Keary Taylor,9790
Andy Cohen,9789
Mary Westmacott,9787
Jed Rubenfeld,9781
Brady Udall,9773
William Arntz,9759
David Lebovitz,9754
Neil Postman,9736
Mo Hayder,9726
Harry Bernstein,9715
Nancy Leigh DeMoss,9714
Rafael Sabatini,9714
Dick Winters,9712
William C. Dietz,9709
Bertolt Brecht,9705
Robert Coles,9703
Charles Martin,9668
Giuseppe Tomasi di Lampedusa,9664
Alissa Nutting,9662
Anne Byrn,9660
Sharon G. Flake,9634
Thomas Wolfe,9630
Elizabeth Bishop,9629
Howard Jacobson,9627
Ramez Naam,9623
Richard Wurmbrand,9622
Donald Ray Pollock,9620
سلطان موسى الموسى,9612
Federico García Lorca,9611
Phillip C. McGraw,9609
Waris Dirie,9609
Darwyn Cooke,9601
Bill Finger,9593
Alex Rosenberg,9585
Anatoli Boukreev,9584
Deeanne Gist,9583
Eiji Yoshikawa,9574
Sebastian Barry,9565
Alice  Miller,9563
Lorenzo Carcaterra,9560
Kim van Alkemade,9558
Audre Lorde,9549
Angela Marsons,9547
Sally Fallon Morell,9534
Devdutt Pattanaik,9534
Jenna Jameson,9531
Beth Moore,9530
Richard Stearns,9512
Jessi Klein,9480
Richard Price,9478
Lindsay Ashford,9477
Jacqueline Sheehan,9474
Timur Vermes,9472
Amélie Nothomb,9448
Frank Bettger,9438
Ali Smith,9431
Andrew Hunt,9416
James Andrew Miller,9413
Rose Levy Beranbaum,9412
Randy Alcorn,9409
Larry Bird,9401
Max Frisch,9401
Shoichi Aoki,9397
Neil A. Fiore,9396
Lynda Cohen Loigman,9395
Morton Rhue,9392
Terry Ryan,9380
Lawrence Ferlinghetti,9376
S.A.R.K.,9365
Ramachandra Guha,9357
Graham Swift,9349
Baruch Spinoza,9342
Edie Claire,9327
Alex  Ross,9316
Alex Berenson,9316
W.P. Kinsella,9315
Steven Tyler,9312
Katharine Hepburn,9312
Guy Debord,9309
Paul Torday,9299
Melissa Senate,9292
Janne Teller,9290
Aleksandr Griboyedov,9287
Ryū Murakami,9285
Lucinda Riley,9282
Leslie Jamison,9280
Bob Gale,9269
David Baggett,9264
Victoria Helen Stone,9255
عزالدين شكري فشير,9246
Thomas Merton,9232
Franklin Foer,9231
Georges Bataille,9227
Tom Holland,9224
Peter Jenkins,9218
Alex Marwood,9180
Jodee Blanco,9178
Sarah Hepola,9165
John Keegan,9162
Dan Abnett,9152
Cara Lockwood,9151
Teju Cole,9132
Francis A. Schaeffer,9124
Daniel J. Boorstin,9117
Oscar Hijuelos,9107
Nick Cave,9096
Ira Wagler,9085
Ken Robinson,9074
Alan       Lee,9067
Steve Coll,9066
Christopher Buckley,9054
Adrian Nicole LeBlanc,9053
James Luceno,9052
Julia Claiborne Johnson,9044
Hugh Ambrose,9035
Henry Hazlitt,9028
Maria Augusta von Trapp,9027
Monty Roberts,9021
Barbara Ann Brennan,9016
Oprah Winfrey,9006
Thomas Frank,9003
Nicholas Ganz,9000
Arthur Nersesian,8980
Adam Makos,8975
Kevin Malarkey,8945
Eric Jerome Dickey,8944
حسن كمال,8937
Esi Edugyan,8911
Johanna Edwards,8907
Virginia M. Axline,8905
Ronald C. White Jr.,8890
Black Elk,8888
Zig Ziglar,8888
Jay Winik,8850
Kate Andersen Brower,8841
Don Richardson,8832
T.R. Ragan,8828
Miles Davis,8827
تامر إبراهيم,8825
Samuel Shem,8812
Yukio Mishima,8810
Jodi Daynard,8780
Alexandra Horowitz,8770
Donald J. Trump,8768
Homer Hickam,8768
Fareed Zakaria,8753
Bill Browder,8729
Tim Tebow,8727
Clint Hill,8722
Nicholas Pileggi,8715
Tyler Hamilton,8711
Janice  Thompson,8692
Raditya Dika,8685
Hanif Kureishi,8683
Greg Pak,8680
Adolfo Bioy Casares,8669
Mark    Adams,8650
Angela Flournoy,8645
William S. BaringGould,8642
Erlend Loe,8642
Amy Brown,8637
Roland Merullo,8634
أنيس منصور,8630
Will Durant,8618
Mourid Barghouti,8602
Rashmi Bansal,8598
Susan Abulhawa,8590
Ted Andrews,8581
Pramoedya Ananta Toer,8574
Mason Currey,8565
Miles  Cameron,8556
Garth Risk Hallberg,8553
Nicci French,8535
Richard Brautigan,8532
Deborah Feldman,8516
Karen Harper,8514
José Emilio Pacheco,8509
Julie Maroh,8504
Peter Matthiessen,8502
M.J. Arlidge,8498
Richard Henry Dana Jr.,8492
John Rawls,8472
Terri Blackstock,8471
Julia Pierpont,8458
Crissy Calhoun,8458
Michael Baigent,8450
Nick Flynn,8441
Eiichiro Oda,8441
Jim Loehr,8437
Brian Kilmeade,8428
Bill Hybels,8422
Miklós Nyiszli,8422
Rolf Dobelli,8367
Glenn Greenwald,8366
Michael Patrick MacDonald,8344
Shauna Niequist,8334
D.J. Molles,8306
Lori Nelson Spielman,8301
W.G. Sebald,8267
Michael Dante DiMartino,8261
Arianna Huffington,8261
Andrea Kettenmann,8260
عمر طاهر,8257
Pattie Boyd,8254
Ben Okri,8251
Donna Russo Morin,8250
Babe Walker,8242
Stephen Davis,8226
Billy Crystal,8225
Inga Muscio,8203
Rajaa Alsanea,8200
Edward Gibbon,8182
Suki Kim,8164
عمرو سلامة,8128
Bob Spitz,8120
John L. Parker Jr.,8106
François Lelord,8084
Howard Dully,8068
Michael J. Sandel,8060
AnnaLisa Grant,8057
M. Pierce,8053
Scott Pratt,8045
Kate Hamer,8027
Yotam Ottolenghi,8023
Jack McCallum,8000
Sarah Lotz,7990
Henry Marsh,7978
Angela Duckworth,7971
مصطفى إبراهيم,7943
Scarlett Thomas,7920
Robert Leckie,7907
Robin Norwood,7903
Suketu Mehta,7894
Karl Ove Knausgård,7886
Joel C. Rosenberg,7844
Pascal Mercier,7838
J.D. Horn,7834
Lucie Whitehouse,7826
نور عبدالمجيد,7822
Laurie Fabiano,7821
Scott  Hawkins,7814
Eric Blehm,7793
Laurent Binet,7765
Marc Weissbluth,7742
Patricia Harman,7736
Barbara Taylor Sissel,7668
Linda Lafferty,7654
Scott Anderson,7654
Steve Toltz,7646
William McDonough,7625
Nic Pizzolatto,7601
Amin Maalouf,7600
A.M. Homes,7545
Elyn R. Saks,7533
Jane Shemilt,7462
Si Robertson,7329
Perry    Moore,7328
G.P. Ching,7328
Anna Gavalda,7318
Rusty Young,7313
Gene Kim,7311
Steve Krug,7296
Joel Fuhrman,7274
Martin Sixsmith,7261
Christian Rudder,7204
Paul Neilan,7171
HaveYouSeenThisGirL,7016
Jason  Matthews,6998
عباس معروفی,6980
Hazel Gaynor,6941
Nicholas Carr,6938
Daniel Glattauer,6874
Ayşe Kulin,6870
Hans Fallada,6838
Cynthia Bond,6749
Stacy King,6691
Durjoy Datta,6671
Douglas E. Richards,6295
Jana Deleon,6249
Carrie Anne Noble,6221
Héctor Tobar,6123
Jeff Wheeler,6029
Matthew Mather,6028
Winston Graham,5990
Tayeb Salih,5985
Giulia Enders,5973
Gary Ezzo,5939
Mika Waltari,5907
Christina McKenna,5804
Robert W. Chambers,5719
Laura  McBride,5687
Charles Wheelan,5646
Mathias Malzieu,5497
Michael D. Watkins,5490
Bohumil Hrabal,5468
Samad Behrangi,5364
Ann Hood,5178
Sadegh Hedayat,5168
محمد المنسي قنديل,5070
Emery Lord,5017
John Lanchester,4961
سهراب سپهری,4769
Richard   Phillips,4281
Heinrich Böll,4225
Amanda     Berry,3799
Omar Khayyám,3200
Hafez,2773
José Mauro de Vasconcelos,2716
